Date,Temp
2021-07-28 11:16:00,0.000749013120612171
2021-07-28 11:17:00,0.0007393263115613423
2021-07-28 11:18:00,0.0007488667867386177
2021-07-28 11:19:00,0.0007281496163858732
2021-07-28 11:20:00,0.0007708273222954807
2021-07-28 11:21:00,0.0007395495394078472
2021-07-28 11:22:00,0.0007628355775896013
2021-07-28 11:23:00,0.0007120970909904198
2021-07-28 11:24:00,0.0007312105665797026
2021-07-28 11:25:00,0.0007040329728761828
2021-07-28 11:26:00,0.0007420078771345641
2021-07-28 11:27:00,0.0007642075903322406
2021-07-28 11:28:00,0.0007904159814881025
2021-07-28 11:29:00,0.0007909487379239818
2021-07-28 11:30:00,0.000720100341107054
2021-07-28 11:31:00,0.0007105647238797319
2021-07-28 11:32:00,0.0006868991355576694
2021-07-28 11:33:00,0.0006955242946113016
2021-07-28 11:34:00,0.0007524468869061429
2021-07-28 11:35:00,0.0006881808484416632
2021-07-28 11:36:00,0.0007161329737509361
2021-07-28 11:37:00,0.0006867791209894473
2021-07-28 11:38:00,0.0007099879935022792
2021-07-28 11:39:00,0.0007354318520426231
2021-07-28 11:40:00,0.001030140294864012
2021-07-28 11:41:00,0.0007565765708452334
2021-07-28 11:42:00,0.0007544104702015854
2021-07-28 11:43:00,0.000758465728274723
2021-07-28 11:44:00,0.0007240417043727134
2021-07-28 11:45:00,0.0007562400889637917
2021-07-28 11:46:00,0.0007616581960345746
2021-07-28 11:47:00,0.0007456631465400203
2021-07-28 11:48:00,0.0007280640269355273
2021-07-28 11:49:00,0.0007316004806198553
2021-07-28 11:50:00,0.0007035031357967024
2021-07-28 11:51:00,0.0007259506111370073
2021-07-28 11:52:00,0.0007294850908223217
2021-07-28 11:53:00,0.0007239468493148157
2021-07-28 11:54:00,0.0007203189386426119
2021-07-28 11:55:00,0.000688961396350011
2021-07-28 11:56:00,0.0007339241907283219
2021-07-28 11:57:00,0.0007361980206322775
2021-07-28 11:58:00,0.0007345375154178471
2021-07-28 11:59:00,0.000718022477420232
2021-07-28 12:00:00,0.0007451878588582035
2021-07-28 12:01:00,0.0007516237922703366
2021-07-28 12:02:00,0.0007450044098526448
2021-07-28 12:03:00,0.000764071608608958
2021-07-28 12:04:00,0.000753548645540176
2021-07-28 12:05:00,0.0007292141850024351
2021-07-28 12:06:00,0.0007275551247380738
2021-07-28 12:07:00,0.0006985689437266592
2021-07-28 12:08:00,0.0007519820563810141
2021-07-28 12:09:00,0.0007363909708700385
2021-07-28 12:10:00,0.0007298824956096269
2021-07-28 12:11:00,0.0006627095648325068
2021-07-28 12:12:00,0.0007130808772309539
2021-07-28 12:13:00,0.0007102474748345641
2021-07-28 12:14:00,0.000710524568147685
2021-07-28 12:15:00,0.0007227667431037687
2021-07-28 12:16:00,0.0007234456077808836
2021-07-28 12:17:00,0.0006939046777263786
2021-07-28 12:18:00,0.0006973101179047033
2021-07-28 12:19:00,0.0007090378294243104
2021-07-28 12:20:00,0.0007045137561255388
2021-07-28 12:21:00,0.0007251624671999768
2021-07-28 12:22:00,0.0007231220140177216
2021-07-28 12:23:00,0.0006953854359455723
2021-07-28 12:24:00,0.0007348812462187808
2021-07-28 12:25:00,0.0007746256451607005
2021-07-28 12:26:00,0.0007135243099732936
2021-07-28 12:27:00,0.0006997125249112896
2021-07-28 12:28:00,0.0007558524590163651
2021-07-28 12:29:00,0.0007147508399494159
2021-07-28 12:30:00,0.0007364505431293692
2021-07-28 12:31:00,0.0007501607491271701
2021-07-28 12:32:00,0.0007712042388438031
2021-07-28 12:33:00,0.0007598440820160381
2021-07-28 12:34:00,0.0007396691846299121
2021-07-28 12:35:00,0.0006956328298079847
2021-07-28 12:36:00,0.000701226605085545
2021-07-28 12:37:00,0.0007193929712461776
2021-07-28 12:38:00,0.0006980519893043409
2021-07-28 12:39:00,0.000741166079946817
2021-07-28 12:40:00,0.0007225916067900602
2021-07-28 12:41:00,0.0007216985896902034
2021-07-28 12:42:00,0.0006876194342634458
2021-07-28 12:43:00,0.0007532172074699987
2021-07-28 12:44:00,0.0007232521315941567
2021-07-28 12:45:00,0.0007714164635514956
2021-07-28 12:46:00,0.0007249715226295245
2021-07-28 12:47:00,0.0007067205617924614
2021-07-28 12:48:00,0.0007346272582406295
2021-07-28 12:49:00,0.0007026413300472708
2021-07-28 12:50:00,0.0006855693749249648
2021-07-28 12:51:00,0.0007252106176687
2021-07-28 12:52:00,0.0007263081709234284
2021-07-28 12:53:00,0.0007356010560233366
2021-07-28 12:54:00,0.0007021938327414136
2021-07-28 12:55:00,0.0007611432573098553
2021-07-28 12:56:00,0.0007451724343156722
2021-07-28 12:57:00,0.0007599007243496233
2021-07-28 12:58:00,0.0007265355776235768
2021-07-28 12:59:00,0.0007904361013770139
2021-07-28 13:00:00,0.0007485046085312961
2021-07-28 13:01:00,0.0007698807922063667
2021-07-28 13:02:00,0.0007461462856483373
2021-07-28 13:03:00,0.0007040622490261238
2021-07-28 13:04:00,0.0007216234622215909
2021-07-28 13:05:00,0.000722915869488153
2021-07-28 13:06:00,0.0007262817285541938
2021-07-28 13:07:00,0.0007248329486587545
2021-07-28 13:08:00,0.0007601662183792871
2021-07-28 13:09:00,0.0007085000620293175
2021-07-28 13:10:00,0.000710097919734751
2021-07-28 13:11:00,0.000715278715806954
2021-07-28 13:12:00,0.0007341937830168112
2021-07-28 13:13:00,0.0007460958021797867
2021-07-28 13:14:00,0.0007656723296758632
2021-07-28 13:15:00,0.0007296586185614048
2021-07-28 13:16:00,0.0007501643878642976
2021-07-28 13:17:00,0.0007449295727047213
2021-07-28 13:18:00,0.0007237106200332083
2021-07-28 13:19:00,0.0007560264359406866
2021-07-28 13:20:00,0.0007812114457529294
2021-07-28 13:21:00,0.0007793885073495204
2021-07-28 13:22:00,0.0007893222522001912
2021-07-28 13:23:00,0.000742911027100426
2021-07-28 13:24:00,0.0007526476810797114
2021-07-28 13:25:00,0.0007491674885721331
2021-07-28 13:26:00,0.0007463568633810956
2021-07-28 13:27:00,0.0007353792254429935
2021-07-28 13:28:00,0.0007605228136314129
2021-07-28 13:29:00,0.0007779372527192257
2021-07-28 13:30:00,0.0007855979231035417
2021-07-28 13:31:00,0.0007626255718516293
2021-07-28 13:32:00,0.0007463427011558411
2021-07-28 13:33:00,0.0007563766661503403
2021-07-28 13:34:00,0.0007420759435085959
2021-07-28 13:35:00,0.0007495807887190518
2021-07-28 13:36:00,0.0007558141283593392
2021-07-28 13:37:00,0.0007234285275603564
2021-07-28 13:38:00,0.0007212192738257604
2021-07-28 13:39:00,0.0007381114629506597
2021-07-28 13:40:00,0.000717824966141097
2021-07-28 13:41:00,0.0007763826948070089
2021-07-28 13:42:00,0.0007220725941423933
2021-07-28 13:43:00,0.000732651847948147
2021-07-28 13:44:00,0.0007302879926677357
2021-07-28 13:45:00,0.0006944290548399516
2021-07-28 13:46:00,0.0007058932840518649
2021-07-28 13:47:00,0.0007181570217477292
2021-07-28 13:48:00,0.0007547070780239313
2021-07-28 13:49:00,0.0007548309649285358
2021-07-28 13:50:00,0.0006985547258647831
2021-07-28 13:51:00,0.0007143185883027449
2021-07-28 13:52:00,0.0007228200604748578
2021-07-28 13:53:00,0.0007035716289079241
2021-07-28 13:54:00,0.0007400623455733817
2021-07-28 13:55:00,0.0007392771676445132
2021-07-28 13:56:00,0.0007218520686887671
2021-07-28 13:57:00,0.0007000003799231859
2021-07-28 13:58:00,0.0007319334170845985
2021-07-28 13:59:00,0.0006909521192369064
2021-07-28 14:00:00,0.0007479212996284462
2021-07-28 14:01:00,0.0007650048533376239
2021-07-28 14:02:00,0.0007565967273759466
2021-07-28 14:03:00,0.0007293020875475882
2021-07-28 14:04:00,0.0007496789655170738
2021-07-28 14:05:00,0.0007535970182401146
2021-07-28 14:06:00,0.0007763970336561991
2021-07-28 14:07:00,0.0007516467557785795
2021-07-28 14:08:00,0.0007264761904760169
2021-07-28 14:09:00,0.0007524892002423574
2021-07-28 14:10:00,0.0007216011234853373
2021-07-28 14:11:00,0.0007409821418035942
2021-07-28 14:12:00,0.0007315898440827882
2021-07-28 14:13:00,0.000721741690835152
2021-07-28 14:14:00,0.00074647051010461
2021-07-28 14:15:00,0.0007513501259846458
2021-07-28 14:16:00,0.0007530318622178735
2021-07-28 14:17:00,0.0007387070665890993
2021-07-28 14:18:00,0.0007545118898620477
2021-07-28 14:19:00,0.0008048378287696915
2021-07-28 14:20:00,0.0007076795053338382
2021-07-28 14:21:00,0.0007276496675901598
2021-07-28 14:22:00,0.0007490420164684194
2021-07-28 14:23:00,0.0007229143115430488
2021-07-28 14:24:00,0.0007133398708697672
2021-07-28 14:25:00,0.0007099772236867813
2021-07-28 14:26:00,0.0007686392931886935
2021-07-28 14:27:00,0.0007324025321668068
2021-07-28 14:28:00,0.0007558535271039985
2021-07-28 14:29:00,0.0007144285080946275
2021-07-28 14:30:00,0.0007455345338299186
2021-07-28 14:31:00,0.000724237077848014
2021-07-28 14:32:00,0.0007055420052038232
2021-07-28 14:33:00,0.0007269411902782594
2021-07-28 14:34:00,0.0007519823401735961
2021-07-28 14:35:00,0.0007364777933027977
2021-07-28 14:36:00,0.0007323049012198482
2021-07-28 14:37:00,0.0007251861192221169
2021-07-28 14:38:00,0.0007013095383336722
2021-07-28 14:39:00,0.0006836086633852917
2021-07-28 14:40:00,0.0007048327947188021
2021-07-28 14:41:00,0.0007310779521944472
2021-07-28 14:42:00,0.0007410359653957854
2021-07-28 14:43:00,0.0007443645648787817
2021-07-28 14:44:00,0.0007335287350380739
2021-07-28 14:45:00,0.0007339599788014909
2021-07-28 14:46:00,0.0007189136649198744
2021-07-28 14:47:00,0.0007113828065123016
2021-07-28 14:48:00,0.0007149840847457692
2021-07-28 14:49:00,0.0007402099954893096
2021-07-28 14:50:00,0.0006712382711840278
2021-07-28 14:51:00,0.0007205508747815982
2021-07-28 14:52:00,0.0007753181533121834
2021-07-28 14:53:00,0.0007340602541071242
2021-07-28 14:54:00,0.000712031752183799
2021-07-28 14:55:00,0.0007341264894403361
2021-07-28 14:56:00,0.0007142754149583802
2021-07-28 14:57:00,0.0007167887749925516
2021-07-28 14:58:00,0.0007216726549622598
2021-07-28 14:59:00,0.0007061632409750247
2021-07-28 15:00:00,0.0007278478788001538
2021-07-28 15:01:00,0.0007052434813962671
2021-07-28 15:02:00,0.000753882621035483
2021-07-28 15:03:00,0.0007406180776574136
2021-07-28 15:04:00,0.0007695345032592681
2021-07-28 15:05:00,0.0007580256112121475
2021-07-28 15:06:00,0.0007405787956287885
2021-07-28 15:07:00,0.0007765543116755801
2021-07-28 15:08:00,0.0007774984889737324
2021-07-28 15:09:00,0.0007394346150940751
2021-07-28 15:10:00,0.0007484547780068852
2021-07-28 15:11:00,0.000747009009941935
2021-07-28 15:12:00,0.0007312070915340052
2021-07-28 15:13:00,0.0007302988074464203
2021-07-28 15:14:00,0.000715555397249978
2021-07-28 15:15:00,0.0007545403910963483
2021-07-28 15:16:00,0.0007670729491496667
2021-07-28 15:17:00,0.0007393986280005944
2021-07-28 15:18:00,0.0007296389760769114
2021-07-28 15:19:00,0.0007619502226313731
2021-07-28 15:20:00,0.0007356530129442001
2021-07-28 15:21:00,0.0007407906925969743
2021-07-28 15:22:00,0.0007423172885698571
2021-07-28 15:23:00,0.000712080316827157
2021-07-28 15:24:00,0.0007187946961497608
2021-07-28 15:25:00,0.0007346735268085816
2021-07-28 15:26:00,0.0007407377627747633
2021-07-28 15:27:00,0.0008127187707498999
2021-07-28 15:28:00,0.0007697461522567488
2021-07-28 15:29:00,0.0006893651408295785
2021-07-28 15:30:00,0.0007490780505682368
2021-07-28 15:31:00,0.0007497493590380982
2021-07-28 15:32:00,0.0007578220998758405
2021-07-28 15:33:00,0.0007667124278768705
2021-07-28 15:34:00,0.0007598326932306045
2021-07-28 15:35:00,0.000770399954391451
2021-07-28 15:36:00,0.000693784539589189
2021-07-28 15:37:00,0.0006895127315429091
2021-07-28 15:38:00,0.0007314107305352834
2021-07-28 15:39:00,0.0007043476960190719
2021-07-28 15:40:00,0.0007376894480605662
2021-07-28 15:41:00,0.0008170317501283219
2021-07-28 15:42:00,0.0007320989659731365
2021-07-28 15:43:00,0.0007253247902456494
2021-07-28 15:44:00,0.000713696961234949
2021-07-28 15:45:00,0.0007145295545876622
2021-07-28 15:46:00,0.0007312504590198997
2021-07-28 15:47:00,0.0007192963445413166
2021-07-28 15:48:00,0.0007358786056809541
2021-07-28 15:49:00,0.0007101863377918028
2021-07-28 15:50:00,0.0007195854694595672
2021-07-28 15:51:00,0.0007564746442656407
2021-07-28 15:52:00,0.0007324307646609937
2021-07-28 15:53:00,0.0007073698673752863
2021-07-28 15:54:00,0.0007236728386636674
2021-07-28 15:55:00,0.000707114280214679
2021-07-28 15:56:00,0.0007069470700034117
2021-07-28 15:57:00,0.000709009518792495
2021-07-28 15:58:00,0.0007363657504954958
2021-07-28 15:59:00,0.0007188791679783556
2021-07-28 16:00:00,0.0007304853463010402
2021-07-28 16:01:00,0.0007463931366452099
2021-07-28 16:02:00,0.000707150459603039
2021-07-28 16:03:00,0.0006763712300119454
2021-07-28 16:04:00,0.0007228473425207272
2021-07-28 16:05:00,0.0007050771830900503
2021-07-28 16:06:00,0.0007218908760229019
2021-07-28 16:07:00,0.0007464377659289777
2021-07-28 16:08:00,0.000735261362647226
2021-07-28 16:09:00,0.0007636764002534762
2021-07-28 16:10:00,0.000733933079519846
2021-07-28 16:11:00,0.0007298914328075259
2021-07-28 16:12:00,0.0007210918259106818
2021-07-28 16:13:00,0.0007562780232046576
2021-07-28 16:14:00,0.0007436562367377607
2021-07-28 16:15:00,0.0007340425060374469
2021-07-28 16:16:00,0.0007297672503090644
2021-07-28 16:17:00,0.0007384904375955084
2021-07-28 16:18:00,0.0007451868330319765
2021-07-28 16:19:00,0.0007483109109928214
2021-07-28 16:20:00,0.0007585768348001235
2021-07-28 16:21:00,0.0007626033982669933
2021-07-28 16:22:00,0.0007521651432242482
2021-07-28 16:23:00,0.0007304163585877355
2021-07-28 16:24:00,0.0007790722734605159
2021-07-28 16:25:00,0.0007627613931693579
2021-07-28 16:26:00,0.00074702611542718
2021-07-28 16:27:00,0.0007243952084566336
2021-07-28 16:28:00,0.0007316521861990586
2021-07-28 16:29:00,0.0007148622118749722
2021-07-28 16:30:00,0.000797316497157544
2021-07-28 16:31:00,0.0007271480029236083
2021-07-28 16:32:00,0.0007552638763075425
2021-07-28 16:33:00,0.0006985396524652356
2021-07-28 16:34:00,0.0007403008447958772
2021-07-28 16:35:00,0.0007010768384828881
2021-07-28 16:36:00,0.0007441953214405756
2021-07-28 16:37:00,0.0007180229638111714
2021-07-28 16:38:00,0.0007334565991174364
2021-07-28 16:39:00,0.0007155710439073155
2021-07-28 16:40:00,0.000698666695962472
2021-07-28 16:41:00,0.0007405235612828852
2021-07-28 16:42:00,0.0007575534816274223
2021-07-28 16:43:00,0.0007313903430186274
2021-07-28 16:44:00,0.0007426386237227755
2021-07-28 16:45:00,0.0007216119209067867
2021-07-28 16:46:00,0.0007112854352723867
2021-07-28 16:47:00,0.0007065968787899701
2021-07-28 16:48:00,0.0007170778512423184
2021-07-28 16:49:00,0.0007106790582038461
2021-07-28 16:50:00,0.0007145046405442438
2021-07-28 16:51:00,0.0007323837240043382
2021-07-28 16:52:00,0.00070888755356205
2021-07-28 16:53:00,0.0007088482012982835
2021-07-28 16:54:00,0.0007183035176666245
2021-07-28 16:55:00,0.0007119749019786638
2021-07-28 16:56:00,0.0007407865798098127
2021-07-28 16:57:00,0.0007612887929331186
2021-07-28 16:58:00,0.0008045448839444157
2021-07-28 16:59:00,0.0007178408277526175
2021-07-28 17:00:00,0.0007426086359814891
2021-07-28 17:01:00,0.0007726085239768896
2021-07-28 17:02:00,0.0007547210513713816
2021-07-28 17:03:00,0.000769291808235438
2021-07-28 17:04:00,0.0007239697378992018
2021-07-28 17:05:00,0.0007103186695096509
2021-07-28 17:06:00,0.0007395009603569677
2021-07-28 17:07:00,0.0007191468167870429
2021-07-28 17:08:00,0.0007431672396676228
2021-07-28 17:09:00,0.0007429976920488113
2021-07-28 17:10:00,0.0007209633284666309
2021-07-28 17:11:00,0.0007391554738599351
2021-07-28 17:12:00,0.0007210109624189576
2021-07-28 17:13:00,0.0007292618727728635
2021-07-28 17:14:00,0.0007083936888116413
2021-07-28 17:15:00,0.0007264124506474336
2021-07-28 17:16:00,0.0008006450622858667
2021-07-28 17:17:00,0.0007485884781583442
2021-07-28 17:18:00,0.0007187486754644183
2021-07-28 17:19:00,0.0007603084443211992
2021-07-28 17:20:00,0.0007664715078633704
2021-07-28 17:21:00,0.0007317190258702459
2021-07-28 17:22:00,0.0007334110137135665
2021-07-28 17:23:00,0.0007341805701771964
2021-07-28 17:24:00,0.0007306462952059423
2021-07-28 17:25:00,0.0007191217300891704
2021-07-28 17:26:00,0.0007028542112005637
2021-07-28 17:27:00,0.0007306026005492677
2021-07-28 17:28:00,0.0007566829688630902
2021-07-28 17:29:00,0.0007837052202338846
2021-07-28 17:30:00,0.0007189231316973184
2021-07-28 17:31:00,0.0007085850526733422
2021-07-28 17:32:00,0.000697513130069903
2021-07-28 17:33:00,0.0007057774301707012
2021-07-28 17:34:00,0.0006892646129406189
2021-07-28 17:35:00,0.0007232169702275178
2021-07-28 17:36:00,0.0007436099641487672
2021-07-28 17:37:00,0.0007355388017379592
2021-07-28 17:38:00,0.000737454379738933
2021-07-28 17:39:00,0.0007575626112757679
2021-07-28 17:40:00,0.0007411484386722598
2021-07-28 17:41:00,0.0007246432064133239
2021-07-28 17:42:00,0.0007001600110120341
2021-07-28 17:43:00,0.0007095804426686368
2021-07-28 17:44:00,0.0007390649005450158
2021-07-28 17:45:00,0.0007047492437995719
2021-07-28 17:46:00,0.0007255556507785676
2021-07-28 17:47:00,0.0006963494094857885
2021-07-28 17:48:00,0.0007389995248793316
2021-07-28 17:49:00,0.0007151818395246207
2021-07-28 17:50:00,0.0007206307523905205
2021-07-28 17:51:00,0.000771709397727383
2021-07-28 17:52:00,0.0007493984095590827
2021-07-28 17:53:00,0.0007403462369822686
2021-07-28 17:54:00,0.000742193694706734
2021-07-28 17:55:00,0.0007459537999786687
2021-07-28 17:56:00,0.0007461933805995199
2021-07-28 17:57:00,0.000776719405978094
2021-07-28 17:58:00,0.000723864669100715
2021-07-28 17:59:00,0.0007349510184191368
2021-07-28 18:00:00,0.0007366112046168722
2021-07-28 18:01:00,0.0007449996782495521
2021-07-28 18:02:00,0.0007778894149034876
2021-07-28 18:03:00,0.0008443741045122594
2021-07-28 18:04:00,0.0007789849173960807
2021-07-28 18:05:00,0.0007501172320630817
2021-07-28 18:06:00,0.0007601644790490785
2021-07-28 18:07:00,0.000727191246180318
2021-07-28 18:08:00,0.0007684573032716477
2021-07-28 18:09:00,0.0007219573355839737
2021-07-28 18:10:00,0.0007026749132874984
2021-07-28 18:11:00,0.0007327454431602753
2021-07-28 18:12:00,0.0007416370845585475
2021-07-28 18:13:00,0.0007628490336301219
2021-07-28 18:14:00,0.000756399901306682
2021-07-28 18:15:00,0.0007242567316326614
2021-07-28 18:16:00,0.0007276815697183778
2021-07-28 18:17:00,0.0007035792174867104
2021-07-28 18:18:00,0.0007525205699917912
2021-07-28 18:19:00,0.000755381917531693
2021-07-28 18:20:00,0.0007434559331656824
2021-07-28 18:21:00,0.0007489558461362153
2021-07-28 18:22:00,0.0007633481975058711
2021-07-28 18:23:00,0.0007643175341497694
2021-07-28 18:24:00,0.000760835660934209
2021-07-28 18:25:00,0.0007322134326893423
2021-07-28 18:26:00,0.0007438992288879541
2021-07-28 18:27:00,0.0007545836737367985
2021-07-28 18:28:00,0.0007565082922453729
2021-07-28 18:29:00,0.000792886999651988
2021-07-28 18:30:00,0.0007854589978154636
2021-07-28 18:31:00,0.0007442289329599962
2021-07-28 18:32:00,0.0007823306079482099
2021-07-28 18:33:00,0.0007832626499586006
2021-07-28 18:34:00,0.0007312762671122016
2021-07-28 18:35:00,0.000743990178487398
2021-07-28 18:36:00,0.0007377846393143568
2021-07-28 18:37:00,0.0007523112368634632
2021-07-28 18:38:00,0.0007577378426489884
2021-07-28 18:39:00,0.0007482732470382714
2021-07-28 18:40:00,0.0007075678033306098
2021-07-28 18:41:00,0.0006987706204623529
2021-07-28 18:42:00,0.0007178537583781931
2021-07-28 18:43:00,0.000708045085518074
2021-07-28 18:44:00,0.0007084795986839886
2021-07-28 18:45:00,0.0006812499206868463
2021-07-28 18:46:00,0.000770301133900123
2021-07-28 18:47:00,0.0007491550573039525
2021-07-28 18:48:00,0.0006961536896889615
2021-07-28 18:49:00,0.0006998831713615034
2021-07-28 18:50:00,0.0007566197005205712
2021-07-28 18:51:00,0.0007685853350426087
2021-07-28 18:52:00,0.000742158802900647
2021-07-28 18:53:00,0.0007483102590858362
2021-07-28 18:54:00,0.0007791737151001006
2021-07-28 18:55:00,0.0006999489803945611
2021-07-28 18:56:00,0.0007347680182406026
2021-07-28 18:57:00,0.0007441303863919824
2021-07-28 18:58:00,0.0007624289554472586
2021-07-28 18:59:00,0.0007339001573021968
2021-07-28 19:00:00,0.0007390446937525399
2021-07-28 19:01:00,0.0007614815478606934
2021-07-28 19:02:00,0.0007365530529023847
2021-07-28 19:03:00,0.0007468036427007531
2021-07-28 19:04:00,0.0007287851022571642
2021-07-28 19:05:00,0.000750221271326011
2021-07-28 19:06:00,0.0007376418759411888
2021-07-28 19:07:00,0.000743165422994414
2021-07-28 19:08:00,0.000778538267810381
2021-07-28 19:09:00,0.000731125032508406
2021-07-28 19:10:00,0.0007462882027991266
2021-07-28 19:11:00,0.0007521039459940915
2021-07-28 19:12:00,0.0007058972083503445
2021-07-28 19:13:00,0.0006795119719879964
2021-07-28 19:14:00,0.0006944540522885024
2021-07-28 19:15:00,0.0007340193783710696
2021-07-28 19:16:00,0.0007505520234234664
2021-07-28 19:17:00,0.0007338329759450274
2021-07-28 19:18:00,0.0007086410750871048
2021-07-28 19:19:00,0.0007318338334376298
2021-07-28 19:20:00,0.0007048138052321129
2021-07-28 19:21:00,0.0007308854603844003
2021-07-28 19:22:00,0.0007250160422079306
2021-07-28 19:23:00,0.0007444224687559159
2021-07-28 19:24:00,0.0007135826027800067
2021-07-28 19:25:00,0.0007474006584539719
2021-07-28 19:26:00,0.0007644210372627177
2021-07-28 19:27:00,0.0007654346228075288
2021-07-28 19:28:00,0.0007571254549090554
2021-07-28 19:29:00,0.0007448410995006478
2021-07-28 19:30:00,0.0007211146481652044
2021-07-28 19:31:00,0.0007353985527845038
2021-07-28 19:32:00,0.0007601683255615663
2021-07-28 19:33:00,0.0007845115982712022
2021-07-28 19:34:00,0.0007550903936556801
2021-07-28 19:35:00,0.0007454384335677778
2021-07-28 19:36:00,0.000730315587967132
2021-07-28 19:37:00,0.0007116633832577598
2021-07-28 19:38:00,0.0007267756361895167
2021-07-28 19:39:00,0.0007006244059895551
2021-07-28 19:40:00,0.0007179569607131883
2021-07-28 19:41:00,0.0007220257505444407
2021-07-28 19:42:00,0.0006814882289504346
2021-07-28 19:43:00,0.0007481754459986192
2021-07-28 19:44:00,0.000756887125910975
2021-07-28 19:45:00,0.0007190715314061738
2021-07-28 19:46:00,0.0007314272752176013
2021-07-28 19:47:00,0.000702762671286474
2021-07-28 19:48:00,0.0007101783388916014
2021-07-28 19:49:00,0.0007352759727764606
2021-07-28 19:50:00,0.0007114436266388281
2021-07-28 19:51:00,0.0007202134695261927
2021-07-28 19:52:00,0.0007409440373838243
2021-07-28 19:53:00,0.0007091784747148872
2021-07-28 19:54:00,0.0007268849727715337
2021-07-28 19:55:00,0.0007547863843627881
2021-07-28 19:56:00,0.0007703231510120469
2021-07-28 19:57:00,0.0007604867994891149
2021-07-28 19:58:00,0.0006974424491596129
2021-07-28 19:59:00,0.0007510737332281763
2021-07-28 20:00:00,0.000709147107098814
2021-07-28 20:01:00,0.0007215002187359008
2021-07-28 20:02:00,0.0007255703053836921
2021-07-28 20:03:00,0.0007008741818956541
2021-07-28 20:04:00,0.0006909564910935237
2021-07-28 20:05:00,0.000750952666240012
2021-07-28 20:06:00,0.0007222023571366605
2021-07-28 20:07:00,0.0007222990880740725
2021-07-28 20:08:00,0.0007471329529422582
2021-07-28 20:09:00,0.00076862975190489
2021-07-28 20:10:00,0.0007429815435958697
2021-07-28 20:11:00,0.0007398269169948637
2021-07-28 20:12:00,0.0007126319402266178
2021-07-28 20:13:00,0.0007375903956987398
2021-07-28 20:14:00,0.0007216703547946722
2021-07-28 20:15:00,0.0007467868280676331
2021-07-28 20:16:00,0.0007371767227315743
2021-07-28 20:17:00,0.0007123904636341642
2021-07-28 20:18:00,0.000702043141710028
2021-07-28 20:19:00,0.0007110788183797734
2021-07-28 20:20:00,0.0007490270252594015
2021-07-28 20:21:00,0.0007326034148697611
2021-07-28 20:22:00,0.00074406497450783
2021-07-28 20:23:00,0.0007412431875219155
2021-07-28 20:24:00,0.0007705307467771535
2021-07-28 20:25:00,0.0007386597592324584
2021-07-28 20:26:00,0.0007380290855718417
2021-07-28 20:27:00,0.0007697658388615568
2021-07-28 20:28:00,0.0007171025282985049
2021-07-28 20:29:00,0.0007089419323332998
2021-07-28 20:30:00,0.0007648451241451304
2021-07-28 20:31:00,0.0007261503954543566
2021-07-28 20:32:00,0.0007467420451586958
2021-07-28 20:33:00,0.0007615616057658561
2021-07-28 20:34:00,0.0007621073069024794
2021-07-28 20:35:00,0.0007260247369784044
2021-07-28 20:36:00,0.0007317475658080894
2021-07-28 20:37:00,0.0007310112659676485
2021-07-28 20:38:00,0.0007355166004266425
2021-07-28 20:39:00,0.0007818862568712902
2021-07-28 20:40:00,0.0007418389378894443
2021-07-28 20:41:00,0.0007605130397813219
2021-07-28 20:42:00,0.0007525290225567917
2021-07-28 20:43:00,0.0007380913746962062
2021-07-28 20:44:00,0.000719168170805948
2021-07-28 20:45:00,0.000729201337524335
2021-07-28 20:46:00,0.0007216812229965849
2021-07-28 20:47:00,0.0006772003604351227
2021-07-28 20:48:00,0.0007117497025977149
2021-07-28 20:49:00,0.0007380214740588841
2021-07-28 20:50:00,0.0006940033798269785
2021-07-28 20:51:00,0.0007468229670265272
2021-07-28 20:52:00,0.0007314985911177426
2021-07-28 20:53:00,0.0007408731388839303
2021-07-28 20:54:00,0.000755321749603688
2021-07-28 20:55:00,0.0007560342744106947
2021-07-28 20:56:00,0.0006963656563368399
2021-07-28 20:57:00,0.0007146444788447173
2021-07-28 20:58:00,0.0007211028853778198
2021-07-28 20:59:00,0.0007319415011394153
2021-07-28 21:00:00,0.0007771003079082669
2021-07-28 21:01:00,0.0007482786355719912
2021-07-28 21:02:00,0.0007416005232430664
2021-07-28 21:03:00,0.0007149932577124211
2021-07-28 21:04:00,0.0007314546579514249
2021-07-28 21:05:00,0.0007565647187424689
2021-07-28 21:06:00,0.0007826830554785202
2021-07-28 21:07:00,0.0007876486710259916
2021-07-28 21:08:00,0.000771612467524324
2021-07-28 21:09:00,0.0007407059006366003
2021-07-28 21:10:00,0.0007384236759001937
2021-07-28 21:11:00,0.000756916522201151
2021-07-28 21:12:00,0.0007724787222464428
2021-07-28 21:13:00,0.0007839749237209824
2021-07-28 21:14:00,0.0007509935177246479
2021-07-28 21:15:00,0.0007674178048645491
2021-07-28 21:16:00,0.0007706377463719696
2021-07-28 21:17:00,0.0007600040999097562
2021-07-28 21:18:00,0.0007469929269619184
2021-07-28 21:19:00,0.0007373753909636698
2021-07-28 21:20:00,0.0007299512744559498
2021-07-28 21:21:00,0.0007275904226576177
2021-07-28 21:22:00,0.0006884837553878311
2021-07-28 21:23:00,0.0007328203489409095
2021-07-28 21:24:00,0.0007348864673546451
2021-07-28 21:25:00,0.0007509114685433445
2021-07-28 21:26:00,0.0007556611181007907
2021-07-28 21:27:00,0.0007208361953208062
2021-07-28 21:28:00,0.0007568064863310842
2021-07-28 21:29:00,0.000740830156876168
2021-07-28 21:30:00,0.0007383636052781646
2021-07-28 21:31:00,0.0007281421222396059
2021-07-28 21:32:00,0.0007641279537124425
2021-07-28 21:33:00,0.0007068517642684342
2021-07-28 21:34:00,0.0007356351561709165
2021-07-28 21:35:00,0.0007746128233080996
2021-07-28 21:36:00,0.0007356316818557874
2021-07-28 21:37:00,0.0006940375196419628
2021-07-28 21:38:00,0.0007174120125241192
2021-07-28 21:39:00,0.0006932167875479779
2021-07-28 21:40:00,0.0007344314512712705
2021-07-28 21:41:00,0.0007257053450746866
2021-07-28 21:42:00,0.0007234490163998325
2021-07-28 21:43:00,0.0006843736037901814
2021-07-28 21:44:00,0.000738359033392631
2021-07-28 21:45:00,0.0007550778817629642
2021-07-28 21:46:00,0.0007730364109858178
2021-07-28 21:47:00,0.0007377123350792374
2021-07-28 21:48:00,0.0007221742479103886
2021-07-28 21:49:00,0.0007022344515970135
2021-07-28 21:50:00,0.0007449418819861958
2021-07-28 21:51:00,0.0007649717287834738
2021-07-28 21:52:00,0.0007469287238049525
2021-07-28 21:53:00,0.0007392909381885844
2021-07-28 21:54:00,0.000747082535761952
2021-07-28 21:55:00,0.0007377455800904061
2021-07-28 21:56:00,0.0007467106990542155
2021-07-28 21:57:00,0.0007067450547317204
2021-07-28 21:58:00,0.0007567138513939731
2021-07-28 21:59:00,0.000751371938643262
2021-07-28 22:00:00,0.0007615859669195878
2021-07-28 22:01:00,0.0007510906494756014
2021-07-28 22:02:00,0.0007514584537985138
2021-07-28 22:03:00,0.0007242043701213552
2021-07-28 22:04:00,0.0008032740924028369
2021-07-28 22:05:00,0.0007639127765998842
2021-07-28 22:06:00,0.0007425031598408777
2021-07-28 22:07:00,0.0007267645308537112
2021-07-28 22:08:00,0.0007301059700657857
2021-07-28 22:09:00,0.0007108217743771716
2021-07-28 22:10:00,0.0007168613402066987
2021-07-28 22:11:00,0.000715838164921864
2021-07-28 22:12:00,0.0007294578772322943
2021-07-28 22:13:00,0.000741815524209832
2021-07-28 22:14:00,0.0007247999795380046
2021-07-28 22:15:00,0.0007424799872930573
2021-07-28 22:16:00,0.0007320273804108333
2021-07-28 22:17:00,0.0007648322074041916
2021-07-28 22:18:00,0.0007742536642718556
2021-07-28 22:19:00,0.0007707222183264128
2021-07-28 22:20:00,0.0007469322485253671
2021-07-28 22:21:00,0.0007713619495295531
2021-07-28 22:22:00,0.0007687774397509832
2021-07-28 22:23:00,0.0007508114784687187
2021-07-28 22:24:00,0.0007551911950996023
2021-07-28 22:25:00,0.0007473007749698623
2021-07-28 22:26:00,0.000759768501415695
2021-07-28 22:27:00,0.0007649487976710727
2021-07-28 22:28:00,0.0007111533655783091
2021-07-28 22:29:00,0.0007590856165496736
2021-07-28 22:30:00,0.0007176844293340891
2021-07-28 22:31:00,0.0007095093405272258
2021-07-28 22:32:00,0.0007543898194742896
2021-07-28 22:33:00,0.0007587722465278155
2021-07-28 22:34:00,0.0007217743696436041
2021-07-28 22:35:00,0.0007631205807078294
2021-07-28 22:36:00,0.0007316783099767781
2021-07-28 22:37:00,0.0007531188382446815
2021-07-28 22:38:00,0.0007489703759189891
2021-07-28 22:39:00,0.000761934600606077
2021-07-28 22:40:00,0.0007453787912253262
2021-07-28 22:41:00,0.0007361035120994775
2021-07-28 22:42:00,0.0007399839570419088
2021-07-28 22:43:00,0.000729765316116639
2021-07-28 22:44:00,0.0007625336216876746
2021-07-28 22:45:00,0.0007659950231498673
2021-07-28 22:46:00,0.0007420443965511838
2021-07-28 22:47:00,0.0007724332103582198
2021-07-28 22:48:00,0.0007413596272015684
2021-07-28 22:49:00,0.0007652910778100043
2021-07-28 22:50:00,0.0007712975855180367
2021-07-28 22:51:00,0.0006983993875443172
2021-07-28 22:52:00,0.0007360585449098165
2021-07-28 22:53:00,0.0007409092937113247
2021-07-28 22:54:00,0.0007487177631128958
2021-07-28 22:55:00,0.0008514240638618763
2021-07-28 22:56:00,0.0007496600749480728
2021-07-28 22:57:00,0.0007497246234129206
2021-07-28 22:58:00,0.0007233744273906562
2021-07-28 22:59:00,0.0007211121861461942
2021-07-28 23:00:00,0.000717584821223202
2021-07-28 23:01:00,0.0007286578084421745
2021-07-28 23:02:00,0.0007472542131977814
2021-07-28 23:03:00,0.0007641376294443902
2021-07-28 23:04:00,0.0007699129667686576
2021-07-28 23:05:00,0.0007327672397377107
2021-07-28 23:06:00,0.0006729378297776928
2021-07-28 23:07:00,0.000744337427871856
2021-07-28 23:08:00,0.0007402910319210953
2021-07-28 23:09:00,0.0007278332599009647
2021-07-28 23:10:00,0.0007683343393752092
2021-07-28 23:11:00,0.0007601194356411465
2021-07-28 23:12:00,0.0007660010028940448
2021-07-28 23:13:00,0.0007531430140315392
2021-07-28 23:14:00,0.0007380034021016418
2021-07-28 23:15:00,0.0007203246709791048
2021-07-28 23:16:00,0.0007818049048946269
2021-07-28 23:17:00,0.000758820526935606
2021-07-28 23:18:00,0.0007569106693246934
2021-07-28 23:19:00,0.0007684268020023879
2021-07-28 23:20:00,0.0007359615359569696
2021-07-28 23:21:00,0.0007328880243573143
2021-07-28 23:22:00,0.000735261414337278
2021-07-28 23:23:00,0.0007460261702037631
2021-07-28 23:24:00,0.0007141968588288817
2021-07-28 23:25:00,0.0007636434704945812
2021-07-28 23:26:00,0.0007309922898411619
2021-07-28 23:27:00,0.000741161829758046
2021-07-28 23:28:00,0.000761802562073593
2021-07-28 23:29:00,0.0007288881672503472
2021-07-28 23:30:00,0.0007100538045957255
2021-07-28 23:31:00,0.0007178346848065691
2021-07-28 23:32:00,0.0007451190035897607
2021-07-28 23:33:00,0.0007215647706183804
2021-07-28 23:34:00,0.000730373692076836
2021-07-28 23:35:00,0.000724607116348078
2021-07-28 23:36:00,0.0007415857128577458
2021-07-28 23:37:00,0.0007443065362765132
2021-07-28 23:38:00,0.0007451640148503648
2021-07-28 23:39:00,0.0007021523168115431
2021-07-28 23:40:00,0.0007128691808185878
2021-07-28 23:41:00,0.0007270168125868953
2021-07-28 23:42:00,0.0007375130649097293
2021-07-28 23:43:00,0.0007331428958323727
2021-07-28 23:44:00,0.000718977353095004
2021-07-28 23:45:00,0.000771705294219799
2021-07-28 23:46:00,0.0007661615559876238
2021-07-28 23:47:00,0.0007273057581542727
2021-07-28 23:48:00,0.0007054599378656287
2021-07-28 23:49:00,0.0007451539073888237
2021-07-28 23:50:00,0.0007540546583118166
2021-07-28 23:51:00,0.0007624518573416531
2021-07-28 23:52:00,0.0007576930281426982
2021-07-28 23:53:00,0.0007411112406298557
2021-07-28 23:54:00,0.0007959702541126932
2021-07-28 23:55:00,0.000767006352636929
2021-07-28 23:56:00,0.0007412887219063171
2021-07-28 23:57:00,0.00074094922434611
2021-07-28 23:58:00,0.000732623096634074
2021-07-28 23:59:00,0.0007503378634441517
2021-07-29 00:00:00,0.000759724471923047
2021-07-29 00:01:00,0.0007476086138810927
2021-07-29 00:02:00,0.0007439918788279428
2021-07-29 00:03:00,0.000711285188970592
2021-07-29 00:04:00,0.0007140982795266819
2021-07-29 00:05:00,0.0007326523991543453
2021-07-29 00:06:00,0.0007325713665276261
2021-07-29 00:07:00,0.0007448343747016202
2021-07-29 00:08:00,0.000754768401405373
2021-07-29 00:09:00,0.0007659044011153005
2021-07-29 00:10:00,0.0007448138585640282
2021-07-29 00:11:00,0.0007655539206019451
2021-07-29 00:12:00,0.0007394726819462838
2021-07-29 00:13:00,0.0007449253619657379
2021-07-29 00:14:00,0.0007408379948823865
2021-07-29 00:15:00,0.0007098447543600548
2021-07-29 00:16:00,0.0007297751884589122
2021-07-29 00:17:00,0.0007336333507215184
2021-07-29 00:18:00,0.0007133194677120062
2021-07-29 00:19:00,0.0007593462325834559
2021-07-29 00:20:00,0.000732003707488033
2021-07-29 00:21:00,0.0006992298117620107
2021-07-29 00:22:00,0.0007482769898353785
2021-07-29 00:23:00,0.0007196610473041144
2021-07-29 00:24:00,0.0007300682522960183
2021-07-29 00:25:00,0.000732347241218989
2021-07-29 00:26:00,0.0007201853251916027
2021-07-29 00:27:00,0.0007378163635849539
2021-07-29 00:28:00,0.0007259490868347221
2021-07-29 00:29:00,0.0007470146290000952
2021-07-29 00:30:00,0.0007358839544567431
2021-07-29 00:31:00,0.0007563266877254043
2021-07-29 00:32:00,0.0007520575639056322
2021-07-29 00:33:00,0.0007154073554922414
2021-07-29 00:34:00,0.0007477108253315959
2021-07-29 00:35:00,0.0007306907896671161
2021-07-29 00:36:00,0.0008019139342630844
2021-07-29 00:37:00,0.0007144693458500547
2021-07-29 00:38:00,0.0007381897148421527
2021-07-29 00:39:00,0.0007624119237328277
2021-07-29 00:40:00,0.0007617416627825126
2021-07-29 00:41:00,0.0007333902228304514
2021-07-29 00:42:00,0.0007184848461553455
2021-07-29 00:43:00,0.0007348195935093258
2021-07-29 00:44:00,0.0007363577244951955
2021-07-29 00:45:00,0.0007149776297184458
2021-07-29 00:46:00,0.0007241826145036768
2021-07-29 00:47:00,0.0007706301765082221
2021-07-29 00:48:00,0.00076929083581203
2021-07-29 00:49:00,0.000768706117578579
2021-07-29 00:50:00,0.0007491693690876113
2021-07-29 00:51:00,0.0007324154431660545
2021-07-29 00:52:00,0.0007337966903435237
2021-07-29 00:53:00,0.0007561321310269783
2021-07-29 00:54:00,0.000716032282322222
2021-07-29 00:55:00,0.0007716118217053706
2021-07-29 00:56:00,0.0007501421060165527
2021-07-29 00:57:00,0.0007319028903309482
2021-07-29 00:58:00,0.000752491712905072
2021-07-29 00:59:00,0.000755733750572332
2021-07-29 01:00:00,0.0007256626113249026
2021-07-29 01:01:00,0.0007315124124860224
2021-07-29 01:02:00,0.0008103583225251464
2021-07-29 01:03:00,0.0007213915712982088
2021-07-29 01:04:00,0.0007394997420174273
2021-07-29 01:05:00,0.0007617095811973325
2021-07-29 01:06:00,0.000783709354724328
2021-07-29 01:07:00,0.0007803552395316599
2021-07-29 01:08:00,0.0007296795735923825
2021-07-29 01:09:00,0.0007273123997396455
2021-07-29 01:10:00,0.0007127570209259859
2021-07-29 01:11:00,0.0007210821256802851
2021-07-29 01:12:00,0.0007576093862080877
2021-07-29 01:13:00,0.0007540925962479432
2021-07-29 01:14:00,0.0007163814828418009
2021-07-29 01:15:00,0.0007492862789844561
2021-07-29 01:16:00,0.0007739833090735294
2021-07-29 01:17:00,0.0007486221704294679
2021-07-29 01:18:00,0.0007345525877934159
2021-07-29 01:19:00,0.0007121414492062483
2021-07-29 01:20:00,0.0007284180309701494
2021-07-29 01:21:00,0.0007466600410850811
2021-07-29 01:22:00,0.0007115915030371384
2021-07-29 01:23:00,0.0007527789711467499
2021-07-29 01:24:00,0.0007753856984890813
2021-07-29 01:25:00,0.0008094890396492454
2021-07-29 01:26:00,0.0008189535404378752
2021-07-29 01:27:00,0.000807169307226327
2021-07-29 01:28:00,0.000776460017122826
2021-07-29 01:29:00,0.0007291116662702399
2021-07-29 01:30:00,0.0006951055784357677
2021-07-29 01:31:00,0.0007423882981451476
2021-07-29 01:32:00,0.0007238497937196435
2021-07-29 01:33:00,0.0007201138349996698
2021-07-29 01:34:00,0.0007198746479976303
2021-07-29 01:35:00,0.0007345767845194934
2021-07-29 01:36:00,0.0007379271999557144
2021-07-29 01:37:00,0.0007570450975799083
2021-07-29 01:38:00,0.000778192472757032
2021-07-29 01:39:00,0.0007301485507247173
2021-07-29 01:40:00,0.0007187233964864801
2021-07-29 01:41:00,0.0007496607512652269
2021-07-29 01:42:00,0.0007663329950664086
2021-07-29 01:43:00,0.0007492808047677907
2021-07-29 01:44:00,0.0007268033330587038
2021-07-29 01:45:00,0.0007518458167109603
2021-07-29 01:46:00,0.0007369381707205028
2021-07-29 01:47:00,0.0007289885960769981
2021-07-29 01:48:00,0.0007511817671138915
2021-07-29 01:49:00,0.0006874653681423772
2021-07-29 01:50:00,0.0007384722437112235
2021-07-29 01:51:00,0.0007616551674941016
2021-07-29 01:52:00,0.0008528227693978233
2021-07-29 01:53:00,0.0007215658893078332
2021-07-29 01:54:00,0.0007427655724767365
2021-07-29 01:55:00,0.0007427402132262835
2021-07-29 01:56:00,0.0007183116208780635
2021-07-29 01:57:00,0.0006970161051747468
2021-07-29 01:58:00,0.000754881333762619
2021-07-29 01:59:00,0.0007721556697183758
2021-07-29 02:00:00,0.0007076047292173281
2021-07-29 02:01:00,0.0007379720567588258
2021-07-29 02:02:00,0.0007482463103873146
2021-07-29 02:03:00,0.0007308463523943016
2021-07-29 02:04:00,0.0007311985939965601
2021-07-29 02:05:00,0.0007276554248649234
2021-07-29 02:06:00,0.0006962218916198661
2021-07-29 02:07:00,0.0007566260102057767
2021-07-29 02:08:00,0.0007377864417931343
2021-07-29 02:09:00,0.0007330420335630747
2021-07-29 02:10:00,0.0007631897029191666
2021-07-29 02:11:00,0.0007297052815709528
2021-07-29 02:12:00,0.0007235741398081852
2021-07-29 02:13:00,0.0007381887679972888
2021-07-29 02:14:00,0.0007127426568493781
2021-07-29 02:15:00,0.0007423730181025112
2021-07-29 02:16:00,0.0007236464192515929
2021-07-29 02:17:00,0.00073728505013371
2021-07-29 02:18:00,0.0007532176647711068
2021-07-29 02:19:00,0.0007247411031697138
2021-07-29 02:20:00,0.0007272523204740663
2021-07-29 02:21:00,0.0007361280985313736
2021-07-29 02:22:00,0.0007673548535671561
2021-07-29 02:23:00,0.0007494130913256671
2021-07-29 02:24:00,0.0007285762123139429
2021-07-29 02:25:00,0.0007650326430562001
2021-07-29 02:26:00,0.000772228684786701
2021-07-29 02:27:00,0.000757805124975544
2021-07-29 02:28:00,0.0007593811917359499
2021-07-29 02:29:00,0.000752590630047877
2021-07-29 02:30:00,0.0007336089883467255
2021-07-29 02:31:00,0.0007138751533220331
2021-07-29 02:32:00,0.0007563372518984124
2021-07-29 02:33:00,0.0007247610899984147
2021-07-29 02:34:00,0.0007295335844997544
2021-07-29 02:35:00,0.0007172488459857887
2021-07-29 02:36:00,0.0007552765986359974
2021-07-29 02:37:00,0.0007067973855007467
2021-07-29 02:38:00,0.0007222567003342001
2021-07-29 02:39:00,0.000742985278151542
2021-07-29 02:40:00,0.000761144037913084
2021-07-29 02:41:00,0.0007513169459705732
2021-07-29 02:42:00,0.0007171423712492703
2021-07-29 02:43:00,0.0007266208269064185
2021-07-29 02:44:00,0.0007252806951664363
2021-07-29 02:45:00,0.0007442810005572383
2021-07-29 02:46:00,0.0007649281319363976
2021-07-29 02:47:00,0.0007779295211973175
2021-07-29 02:48:00,0.0007426957011110434
2021-07-29 02:49:00,0.0007298364125119231
2021-07-29 02:50:00,0.0007336134144647787
2021-07-29 02:51:00,0.0007614537011704662
2021-07-29 02:52:00,0.0007368522225380333
2021-07-29 02:53:00,0.0007504104268254148
2021-07-29 02:54:00,0.0007329956641247661
2021-07-29 02:55:00,0.0007503222832383472
2021-07-29 02:56:00,0.0007493698984207663
2021-07-29 02:57:00,0.0007468217915431325
2021-07-29 02:58:00,0.0007622543300583582
2021-07-29 02:59:00,0.0007514723942938709
2021-07-29 03:00:00,0.0007796200427112996
2021-07-29 03:01:00,0.0007418957196939635
2021-07-29 03:02:00,0.0007145781449171037
2021-07-29 03:03:00,0.0007217051070851263
2021-07-29 03:04:00,0.0007420136057857522
2021-07-29 03:05:00,0.0007419449183147903
2021-07-29 03:06:00,0.0007155788672646833
2021-07-29 03:07:00,0.000756893346937197
2021-07-29 03:08:00,0.0007660243371531098
2021-07-29 03:09:00,0.0007730267197690997
2021-07-29 03:10:00,0.0007544590444644291
2021-07-29 03:11:00,0.0006936003010323403
2021-07-29 03:12:00,0.0006963126529023037
2021-07-29 03:13:00,0.0007270763447917879
2021-07-29 03:14:00,0.0007295424455224559
2021-07-29 03:15:00,0.0007511624648491249
2021-07-29 03:16:00,0.0006892796037442087
2021-07-29 03:17:00,0.0007137582363181007
2021-07-29 03:18:00,0.0007012988381659446
2021-07-29 03:19:00,0.0007093930721404115
2021-07-29 03:20:00,0.0007316911560984136
2021-07-29 03:21:00,0.0007525222368305328
2021-07-29 03:22:00,0.0007480349106412477
2021-07-29 03:23:00,0.0007237766660325708
2021-07-29 03:24:00,0.000747682706131433
2021-07-29 03:25:00,0.000747921333827279
2021-07-29 03:26:00,0.0007337163314016122
2021-07-29 03:27:00,0.0007282350502321057
2021-07-29 03:28:00,0.000736397260500039
2021-07-29 03:29:00,0.0007002221559483545
2021-07-29 03:30:00,0.0007189778767290579
2021-07-29 03:31:00,0.0007609524791808186
2021-07-29 03:32:00,0.0007081870905591915
2021-07-29 03:33:00,0.00073230984576526
2021-07-29 03:34:00,0.0007493400975734987
2021-07-29 03:35:00,0.0007904837449439835
2021-07-29 03:36:00,0.0007739091469242556
2021-07-29 03:37:00,0.0007390274140816795
2021-07-29 03:38:00,0.0007909649788648966
2021-07-29 03:39:00,0.0007758375121882088
2021-07-29 03:40:00,0.0007657016759782604
2021-07-29 03:41:00,0.0007579984937985766
2021-07-29 03:42:00,0.0007577976722471849
2021-07-29 03:43:00,0.0007434184157534449
2021-07-29 03:44:00,0.0007226106833115185
2021-07-29 03:45:00,0.0007476844845305725
2021-07-29 03:46:00,0.000763514927369558
2021-07-29 03:47:00,0.0007680661569913433
2021-07-29 03:48:00,0.0007660904441717085
2021-07-29 03:49:00,0.0007389983154355935
2021-07-29 03:50:00,0.0007402876842042096
2021-07-29 03:51:00,0.0007401915742582374
2021-07-29 03:52:00,0.0007679585812863363
2021-07-29 03:53:00,0.0007247252461982149
2021-07-29 03:54:00,0.000763871413702655
2021-07-29 03:55:00,0.0007524745383025234
2021-07-29 03:56:00,0.0007437519708023202
2021-07-29 03:57:00,0.0007417374347328063
2021-07-29 03:58:00,0.0007915253473313228
2021-07-29 03:59:00,0.0007396453057658752
2021-07-29 04:00:00,0.0007464902765324145
2021-07-29 04:01:00,0.0007266529945863585
2021-07-29 04:02:00,0.0007094797127108301
2021-07-29 04:03:00,0.0007690465420312195
2021-07-29 04:04:00,0.0007245896001210537
2021-07-29 04:05:00,0.0007253085170731686
2021-07-29 04:06:00,0.0007474855734392192
2021-07-29 04:07:00,0.0007339478495264889
2021-07-29 04:08:00,0.0007209235387544316
2021-07-29 04:09:00,0.0007537472643639199
2021-07-29 04:10:00,0.0007370226767525746
2021-07-29 04:11:00,0.0007514896860507418
2021-07-29 04:12:00,0.0007461151605786936
2021-07-29 04:13:00,0.0007640142624348281
2021-07-29 04:14:00,0.0007235792267451649
2021-07-29 04:15:00,0.0007361425812737661
2021-07-29 04:16:00,0.0006976494426204749
2021-07-29 04:17:00,0.00071002273829977
2021-07-29 04:18:00,0.0007217662823216436
2021-07-29 04:19:00,0.0007508106760094154
2021-07-29 04:20:00,0.0007345522089908271
2021-07-29 04:21:00,0.0007793122630410768
2021-07-29 04:22:00,0.0006931530113237947
2021-07-29 04:23:00,0.000755161017191678
2021-07-29 04:24:00,0.000752194506347805
2021-07-29 04:25:00,0.0007233714444825169
2021-07-29 04:26:00,0.0007475213452926789
2021-07-29 04:27:00,0.0007420018587065885
2021-07-29 04:28:00,0.0007636019022023658
2021-07-29 04:29:00,0.0007465657396118176
2021-07-29 04:30:00,0.0007434567297596218
2021-07-29 04:31:00,0.0007329772146964929
2021-07-29 04:32:00,0.0007098387668727479
2021-07-29 04:33:00,0.0007288034577208444
2021-07-29 04:34:00,0.000753533478991201
2021-07-29 04:35:00,0.0007066774540698651
2021-07-29 04:36:00,0.0007446102654313427
2021-07-29 04:37:00,0.0007711962685548637
2021-07-29 04:38:00,0.000775341294869117
2021-07-29 04:39:00,0.0007551899220012815
2021-07-29 04:40:00,0.0007566182896621892
2021-07-29 04:41:00,0.0007493679221145757
2021-07-29 04:42:00,0.0007273353276049375
2021-07-29 04:43:00,0.0007144295420992157
2021-07-29 04:44:00,0.0007680933068622202
2021-07-29 04:45:00,0.0007484919748064464
2021-07-29 04:46:00,0.0007651565884119712
2021-07-29 04:47:00,0.0007385020096319676
2021-07-29 04:48:00,0.0007571156837749483
2021-07-29 04:49:00,0.0007443531739824088
2021-07-29 04:50:00,0.0007705468349197902
2021-07-29 04:51:00,0.0007354841256011236
2021-07-29 04:52:00,0.0007306191654357872
2021-07-29 04:53:00,0.0007334557938386091
2021-07-29 04:54:00,0.0007486077418471032
2021-07-29 04:55:00,0.0007416803876987428
2021-07-29 04:56:00,0.0007294774799533138
2021-07-29 04:57:00,0.0006870279523225024
2021-07-29 04:58:00,0.0007361163271287081
2021-07-29 04:59:00,0.0007181233867527465
2021-07-29 05:00:00,0.0007186727779217153
2021-07-29 05:01:00,0.0007315302875368704
2021-07-29 05:02:00,0.000753714359169104
2021-07-29 05:03:00,0.0007611522079125282
2021-07-29 05:04:00,0.0007598058132328899
2021-07-29 05:05:00,0.0007547629962306157
2021-07-29 05:06:00,0.0007687620653183409
2021-07-29 05:07:00,0.0007383296968228225
2021-07-29 05:08:00,0.0007402940328456842
2021-07-29 05:09:00,0.0007442515624998172
2021-07-29 05:10:00,0.0007480282442455644
2021-07-29 05:11:00,0.0007385331415942074
2021-07-29 05:12:00,0.0007478986028871065
2021-07-29 05:13:00,0.0007537849730048791
2021-07-29 05:14:00,0.0007389458185681268
2021-07-29 05:15:00,0.0007384500549216384
2021-07-29 05:16:00,0.0007357643878164344
2021-07-29 05:17:00,0.0007700989325265656
2021-07-29 05:18:00,0.0006836480455856672
2021-07-29 05:19:00,0.0007418666195090214
2021-07-29 05:20:00,0.0007153485381382693
2021-07-29 05:21:00,0.0007744216855002871
2021-07-29 05:22:00,0.0007222755973222644
2021-07-29 05:23:00,0.0007283418427677557
2021-07-29 05:24:00,0.000745464744515082
2021-07-29 05:25:00,0.0007236689428046163
2021-07-29 05:26:00,0.0007527660079476754
2021-07-29 05:27:00,0.000720720323149579
2021-07-29 05:28:00,0.0007342977767088742
2021-07-29 05:29:00,0.0007183016441116232
2021-07-29 05:30:00,0.0007465690857078481
2021-07-29 05:31:00,0.0007279418706054978
2021-07-29 05:32:00,0.0007683529057889354
2021-07-29 05:33:00,0.0007689908163765792
2021-07-29 05:34:00,0.0007099423103283029
2021-07-29 05:35:00,0.0007208071072938708
2021-07-29 05:36:00,0.0007514005952483795
2021-07-29 05:37:00,0.0007451353189207097
2021-07-29 05:38:00,0.0007666179550006015
2021-07-29 05:39:00,0.0007494216408268216
2021-07-29 05:40:00,0.0007716659858668237
2021-07-29 05:41:00,0.0007737626145846271
2021-07-29 05:42:00,0.0008055753266025825
2021-07-29 05:43:00,0.0007256129852596573
2021-07-29 05:44:00,0.0007305377372892612
2021-07-29 05:45:00,0.0007645289071827115
2021-07-29 05:46:00,0.0007723488512212484
2021-07-29 05:47:00,0.0007505860957630857
2021-07-29 05:48:00,0.0007625355565853535
2021-07-29 05:49:00,0.000739522557599247
2021-07-29 05:50:00,0.0007263680159717615
2021-07-29 05:51:00,0.000732808485057239
2021-07-29 05:52:00,0.0007324947730943407
2021-07-29 05:53:00,0.0007332715838268418
2021-07-29 05:54:00,0.0007337499627010249
2021-07-29 05:55:00,0.0007342598595859802
2021-07-29 05:56:00,0.0007656449209693021
2021-07-29 05:57:00,0.0007338851801880181
2021-07-29 05:58:00,0.000744384998151596
2021-07-29 05:59:00,0.000706263697937579
2021-07-29 06:00:00,0.00073565813741053
2021-07-29 06:01:00,0.0007536906664879064
2021-07-29 06:02:00,0.000770635500502472
2021-07-29 06:03:00,0.0007566316173948624
2021-07-29 06:04:00,0.0007711225037640829
2021-07-29 06:05:00,0.0007471750000001349
2021-07-29 06:06:00,0.000753160047430404
2021-07-29 06:07:00,0.0007475210747199551
2021-07-29 06:08:00,0.0007284845172184366
2021-07-29 06:09:00,0.0007401960633093723
2021-07-29 06:10:00,0.0006947399733748552
2021-07-29 06:11:00,0.0007210167749008303
2021-07-29 06:12:00,0.0007592822510819301
2021-07-29 06:13:00,0.0007648137562449069
2021-07-29 06:14:00,0.0007775853197471725
2021-07-29 06:15:00,0.000727449174796852
2021-07-29 06:16:00,0.0007156701271151589
2021-07-29 06:17:00,0.0006921413359013596
2021-07-29 06:18:00,0.0007053612290183409
2021-07-29 06:19:00,0.000759243622004173
2021-07-29 06:20:00,0.000723075080763646
2021-07-29 06:21:00,0.0007560609383808085
2021-07-29 06:22:00,0.0007550026185008232
2021-07-29 06:23:00,0.0007417989645648154
2021-07-29 06:24:00,0.0007810656382824058
2021-07-29 06:25:00,0.0007681775108831973
2021-07-29 06:26:00,0.0007779024629932897
2021-07-29 06:27:00,0.0007605072231624977
2021-07-29 06:28:00,0.0007344247993740783
2021-07-29 06:29:00,0.0007716294748003114
2021-07-29 06:30:00,0.0007335416784583482
2021-07-29 06:31:00,0.0007544939546087049
2021-07-29 06:32:00,0.000766187845582163
2021-07-29 06:33:00,0.0007585300772551251
2021-07-29 06:34:00,0.000762876265173276
2021-07-29 06:35:00,0.0007597050068967775
2021-07-29 06:36:00,0.0007544395380973071
2021-07-29 06:37:00,0.0007201839914492786
2021-07-29 06:38:00,0.0007555722625278507
2021-07-29 06:39:00,0.0008130369926385566
2021-07-29 06:40:00,0.0007648655669655322
2021-07-29 06:41:00,0.0007228593808041521
2021-07-29 06:42:00,0.0007371377186825936
2021-07-29 06:43:00,0.0007421121444284548
2021-07-29 06:44:00,0.0007500338184500065
2021-07-29 06:45:00,0.0007659188118154458
2021-07-29 06:46:00,0.0007351808645897332
2021-07-29 06:47:00,0.0007390902013196
2021-07-29 06:48:00,0.0007617101485327548
2021-07-29 06:49:00,0.0008050939028092165
2021-07-29 06:50:00,0.0007496002230957658
2021-07-29 06:51:00,0.0007499965466953943
2021-07-29 06:52:00,0.0007442206849555472
2021-07-29 06:53:00,0.0007645330200869745
2021-07-29 06:54:00,0.0007627368518582257
2021-07-29 06:55:00,0.0007042440745252429
2021-07-29 06:56:00,0.0007481497251801922
2021-07-29 06:57:00,0.0007636609692309261
2021-07-29 06:58:00,0.0007512296018278561
2021-07-29 06:59:00,0.0007423525694290906
2021-07-29 07:00:00,0.0007225593366272999
2021-07-29 07:01:00,0.0007286833322418781
2021-07-29 07:02:00,0.0007800622459898032
2021-07-29 07:03:00,0.000751628353647727
2021-07-29 07:04:00,0.0007426688641043281
2021-07-29 07:05:00,0.0007375978676934448
2021-07-29 07:06:00,0.0007910590005031103
2021-07-29 07:07:00,0.0007663546425076502
2021-07-29 07:08:00,0.0007587354242205942
2021-07-29 07:09:00,0.000736822409770311
2021-07-29 07:10:00,0.0007216658022701663
2021-07-29 07:11:00,0.0007440273774719619
2021-07-29 07:12:00,0.0007294803122785898
2021-07-29 07:13:00,0.0007596905068426075
2021-07-29 07:14:00,0.0007612515302195305
2021-07-29 07:15:00,0.0007418829862258861
2021-07-29 07:16:00,0.0007371456676142816
2021-07-29 07:17:00,0.0007257248912738491
2021-07-29 07:18:00,0.0007374019848694867
2021-07-29 07:19:00,0.0007479373847849657
2021-07-29 07:20:00,0.0007693889644203531
2021-07-29 07:21:00,0.0007360230802722577
2021-07-29 07:22:00,0.0007417232697523797
2021-07-29 07:23:00,0.0007440682738423142
2021-07-29 07:24:00,0.0007669075954713053
2021-07-29 07:25:00,0.0007400200298185155
2021-07-29 07:26:00,0.0007515081834325807
2021-07-29 07:27:00,0.0007551609281423903
2021-07-29 07:28:00,0.000775549670588795
2021-07-29 07:29:00,0.0007325405295896784
2021-07-29 07:30:00,0.0007595139328097856
2021-07-29 07:31:00,0.0007333083315360165
2021-07-29 07:32:00,0.0007666052783096754
2021-07-29 07:33:00,0.000714906601401421
2021-07-29 07:34:00,0.0007972995034959893
2021-07-29 07:35:00,0.0007535212289627216
2021-07-29 07:36:00,0.0007437046853400565
2021-07-29 07:37:00,0.0007410015624383941
2021-07-29 07:38:00,0.0007177297065410122
2021-07-29 07:39:00,0.000686287810134724
2021-07-29 07:40:00,0.000717079456803703
2021-07-29 07:41:00,0.0007145454503573273
2021-07-29 07:42:00,0.0007526616095858223
2021-07-29 07:43:00,0.0007658527923619114
2021-07-29 07:44:00,0.0007239091158439728
2021-07-29 07:45:00,0.0007161166589520473
2021-07-29 07:46:00,0.0007458531476057056
2021-07-29 07:47:00,0.0007227969627311052
2021-07-29 07:48:00,0.0007296493921726868
2021-07-29 07:49:00,0.0007309675357341237
2021-07-29 07:50:00,0.0007811540898514017
2021-07-29 07:51:00,0.0007204849611415337
2021-07-29 07:52:00,0.000758180497925144
2021-07-29 07:53:00,0.0007312281264708431
2021-07-29 07:54:00,0.000759908521120241
2021-07-29 07:57:00,0.0007238920494133044
2021-07-29 07:58:00,0.0007944733854712518
2021-07-29 07:59:00,0.0007680688313415704
2021-07-29 08:00:00,0.0007156556783637406
2021-07-29 08:01:00,0.0007338611765856801
2021-07-29 08:02:00,0.0006964348385923742
2021-07-29 08:03:00,0.0007253681639305009
2021-07-29 08:04:00,0.0007073252015208548
2021-07-29 08:05:00,0.0007325084631817845
2021-07-29 08:06:00,0.0007588405874541024
2021-07-29 08:07:00,0.000766806907309573
2021-07-29 08:08:00,0.0007290188707707641
2021-07-29 08:09:00,0.0007343172372816158
2021-07-29 08:10:00,0.0007303593853562137
2021-07-29 08:11:00,0.0007405105490479845
2021-07-29 08:12:00,0.0008024923425755021
2021-07-29 08:13:00,0.0007683951681043495
2021-07-29 08:14:00,0.0007684404668107913
2021-07-29 08:15:00,0.000748394162433004
2021-07-29 08:16:00,0.000742952580062783
2021-07-29 08:17:00,0.0007707362690119748
2021-07-29 08:18:00,0.0007483946832161342
2021-07-29 08:19:00,0.0007391657543076228
2021-07-29 08:20:00,0.0007413647931095027
2021-07-29 08:21:00,0.0007373160620710651
2021-07-29 08:22:00,0.0007102400208791037
2021-07-29 08:23:00,0.0007521837293194315
2021-07-29 08:24:00,0.000738720587097847
2021-07-29 08:25:00,0.0006816202715276965
2021-07-29 08:26:00,0.0007309743959382359
2021-07-29 08:27:00,0.0007478217449109779
2021-07-29 08:28:00,0.0007139022562043082
2021-07-29 08:29:00,0.0007483278358137182
2021-07-29 08:30:00,0.0007465187182793734
2021-07-29 08:31:00,0.0008002584020292297
2021-07-29 08:32:00,0.0007782542658525091
2021-07-29 08:33:00,0.0007703153421651231
2021-07-29 08:34:00,0.0007466487123121045
2021-07-29 08:35:00,0.0007010371087588407
2021-07-29 08:36:00,0.0007698673853888451
2021-07-29 08:37:00,0.0007094121853543713
2021-07-29 08:38:00,0.0007168250251974574
2021-07-29 08:39:00,0.0007149359360663412
2021-07-29 08:40:00,0.0006990448320880933
2021-07-29 08:41:00,0.0007106809402867333
2021-07-29 08:42:00,0.0007230242282220342
2021-07-29 08:43:00,0.0007014549788746182
2021-07-29 08:44:00,0.0007096966488739679
2021-07-29 08:45:00,0.0007356228315430257
2021-07-29 08:46:00,0.0007130587677060052
2021-07-29 08:47:00,0.000742409385470664
2021-07-29 08:48:00,0.0007595276638686792
2021-07-29 08:49:00,0.0007231456450213209
2021-07-29 08:50:00,0.0007344076050131812
2021-07-29 08:51:00,0.0007517889805971323
2021-07-29 08:52:00,0.0007590864943224447
2021-07-29 08:53:00,0.0007532479262159205
2021-07-29 08:54:00,0.0007429751148236723
2021-07-29 08:55:00,0.0007476757573924477
2021-07-29 08:56:00,0.0007603953574702437
2021-07-29 08:57:00,0.0007621471703144889
2021-07-29 08:58:00,0.0007575730930452222
2021-07-29 08:59:00,0.0007761861059862724
2021-07-29 09:00:00,0.0007330718751433861
2021-07-29 09:01:00,0.000774754487064392
2021-07-29 09:02:00,0.0007147370738631991
2021-07-29 09:03:00,0.0007617825795465413
2021-07-29 09:04:00,0.000732123828733795
2021-07-29 09:05:00,0.0007224081883166765
2021-07-29 09:06:00,0.0007328886178725247
2021-07-29 09:07:00,0.000721733476396175
2021-07-29 09:08:00,0.0007100009672708791
2021-07-29 09:09:00,0.0007618770313434646
2021-07-29 09:10:00,0.0007340626272582622
2021-07-29 09:11:00,0.0007037567368047929
2021-07-29 09:12:00,0.0007562041798384313
2021-07-29 09:13:00,0.0007491431135786757
2021-07-29 09:14:00,0.0007580533255725248
2021-07-29 09:15:00,0.0007610818482053521
2021-07-29 09:16:00,0.0007332231522820423
2021-07-29 09:17:00,0.0007385879028961186
2021-07-29 09:18:00,0.0007259587124837318
2021-07-29 09:19:00,0.0007486033856464653
2021-07-29 09:20:00,0.0007347477929892326
2021-07-29 09:21:00,0.0007214464929504546
2021-07-29 09:22:00,0.0007989572118071725
2021-07-29 09:23:00,0.0007401539920180906
2021-07-29 09:24:00,0.0007437897641073228
2021-07-29 09:25:00,0.0007423895223930487
2021-07-29 09:26:00,0.0007254953857382385
2021-07-29 09:27:00,0.0007843231616645319
2021-07-29 09:28:00,0.0007492828496492559
2021-07-29 09:29:00,0.0007478249939103257
2021-07-29 09:30:00,0.0007536635609960932
2021-07-29 09:31:00,0.0007781888088417639
2021-07-29 09:32:00,0.0007750245024157188
2021-07-29 09:33:00,0.0007453709160467026
2021-07-29 09:34:00,0.0007867351102077912
2021-07-29 09:35:00,0.0007456065882913797
2021-07-29 09:36:00,0.0007573018880040611
2021-07-29 09:37:00,0.0007508875516944311
2021-07-29 09:38:00,0.0007550305401465751
2021-07-29 09:39:00,0.0007485023321777979
2021-07-29 09:40:00,0.0007532221897952374
2021-07-29 09:41:00,0.0007450233820320694
2021-07-29 09:42:00,0.0007468586932239727
2021-07-29 09:43:00,0.0007742968347594325
2021-07-29 09:44:00,0.0007533324242371839
2021-07-29 09:45:00,0.000730193080391479
2021-07-29 09:46:00,0.0007623660207024018
2021-07-29 09:47:00,0.0007459904814218533
2021-07-29 09:48:00,0.0007426662256941903
2021-07-29 09:49:00,0.0007320910993223244
2021-07-29 09:50:00,0.0007529623525295235
2021-07-29 09:51:00,0.0007287984340270993
2021-07-29 09:52:00,0.0007331176670202286
2021-07-29 09:53:00,0.0007617217520166257
2021-07-29 09:54:00,0.000788844965737071
2021-07-29 09:55:00,0.0007883804718997008
2021-07-29 09:56:00,0.0007412858370551519
2021-07-29 09:57:00,0.0007406641636169186
2021-07-29 09:58:00,0.0007304379290183041
2021-07-29 09:59:00,0.000697848068444138
2021-07-29 10:00:00,0.0007491183633128708
2021-07-29 10:01:00,0.0007023016442353383
2021-07-29 10:02:00,0.0007283345062192583
2021-07-29 10:03:00,0.0007571031338944849
2021-07-29 10:04:00,0.0007675779083442576
2021-07-29 10:05:00,0.0007377937785251663
2021-07-29 10:06:00,0.0007742379723592859
2021-07-29 10:07:00,0.0007777001656553271
2021-07-29 10:08:00,0.0007588157121006662
2021-07-29 10:09:00,0.0007356761505864785
2021-07-29 10:10:00,0.0007363147317787242
2021-07-29 10:11:00,0.0007640503780331455
2021-07-29 10:12:00,0.0007441732047946479
2021-07-29 10:13:00,0.0007812174146436874
2021-07-29 10:14:00,0.0007277993667151224
2021-07-29 10:15:00,0.0007183442406963532
2021-07-29 10:16:00,0.0007755058426681917
2021-07-29 10:17:00,0.000744772246468507
2021-07-29 10:18:00,0.0007416917515624821
2021-07-29 10:19:00,0.0007159179465887101
2021-07-29 10:20:00,0.0007492513497068399
2021-07-29 10:21:00,0.000759380038576763
2021-07-29 10:22:00,0.0007490159780948617
2021-07-29 10:23:00,0.0007480016301083296
2021-07-29 10:24:00,0.0007369714089412334
2021-07-29 10:25:00,0.0007493355439035671
2021-07-29 10:26:00,0.0007408657480574857
2021-07-29 10:27:00,0.0007355610541609354
2021-07-29 10:28:00,0.0007322120196054376
2021-07-29 10:29:00,0.0007389995788995455
2021-07-29 10:30:00,0.0007321081945510448
2021-07-29 10:31:00,0.0007757701120472652
2021-07-29 10:32:00,0.000721024908026993
2021-07-29 10:33:00,0.000689166147630597
2021-07-29 10:34:00,0.0006991263396440453
2021-07-29 10:35:00,0.0007766149658240203
2021-07-29 10:36:00,0.0007580141205548358
2021-07-29 10:37:00,0.0007513875889938456
2021-07-29 10:38:00,0.0007706125746727841
2021-07-29 10:39:00,0.0007355712415976432
2021-07-29 10:40:00,0.0007134306397570157
2021-07-29 10:41:00,0.0007392622674836774
2021-07-29 10:42:00,0.0007116022211670705
2021-07-29 10:43:00,0.0007395215394469227
2021-07-29 10:44:00,0.0007536893463555639
2021-07-29 10:45:00,0.0007143294707529903
2021-07-29 10:46:00,0.000713117742501551
2021-07-29 10:47:00,0.000727838737768945
2021-07-29 10:48:00,0.000734841528920645
2021-07-29 10:49:00,0.0007431565464492881
2021-07-29 10:50:00,0.0007562163622541347
2021-07-29 10:51:00,0.0007519066973344916
2021-07-29 10:52:00,0.000754763913638964
2021-07-29 10:53:00,0.0007709978827669944
2021-07-29 10:54:00,0.0007671085670843682
2021-07-29 10:55:00,0.0007690801030370562
2021-07-29 10:56:00,0.0007694098974311831
2021-07-29 10:57:00,0.0007667302682376402
2021-07-29 10:58:00,0.0007341849917656177
2021-07-29 10:59:00,0.0007142458847745649
2021-07-29 11:00:00,0.0007444673862971672
2021-07-29 11:01:00,0.000727555449996469
2021-07-29 11:02:00,0.000754342915602383
2021-07-29 11:03:00,0.0007933860759498461
2021-07-29 11:04:00,0.0007429440981324835
2021-07-29 11:05:00,0.0007264138764588317
2021-07-29 11:06:00,0.0007055017061829517
2021-07-29 11:07:00,0.0007503916797096408
2021-07-29 11:08:00,0.0007719041692696798
2021-07-29 11:09:00,0.0007632367461561317
2021-07-29 11:10:00,0.0007418927315456514
2021-07-29 11:11:00,0.0007700087758474428
2021-07-29 11:12:00,0.0007538648194314652
2021-07-29 11:13:00,0.000726033387576746
2021-07-29 11:14:00,0.0007180212542839695
2021-07-29 11:15:00,0.0007108923487960682
2021-07-29 11:16:00,0.0007605187770034238
2021-07-29 11:17:00,0.0007459944122029812
2021-07-29 11:18:00,0.0007576043655591804
2021-07-29 11:19:00,0.000740243720748329
2021-07-29 11:20:00,0.0007153619769388174
2021-07-29 11:21:00,0.0007139850023634326
2021-07-29 11:22:00,0.0007286516259675053
2021-07-29 11:23:00,0.000717814691669066
2021-07-29 11:24:00,0.0007402733736021377
2021-07-29 11:25:00,0.000743428508630157
2021-07-29 11:26:00,0.0007315442899671505
2021-07-29 11:27:00,0.0007714464394896222
2021-07-29 11:28:00,0.0007320764402428363
2021-07-29 11:29:00,0.000745800601250369
2021-07-29 11:30:00,0.0007318574711454021
2021-07-29 11:31:00,0.0007515123252696749
2021-07-29 11:32:00,0.0007490555284040852
2021-07-29 11:33:00,0.0007698440454223513
2021-07-29 11:34:00,0.0008047550267624027
2021-07-29 11:35:00,0.000718747430341463
2021-07-29 11:36:00,0.0007706361752722438
2021-07-29 11:37:00,0.0007489550028446548
2021-07-29 11:38:00,0.000740954160293667
2021-07-29 11:39:00,0.0007416409790317949
2021-07-29 11:40:00,0.0007609274351496498
2021-07-29 11:41:00,0.00075244891232648
2021-07-29 11:42:00,0.0007503059175325717
2021-07-29 11:43:00,0.0007660799645564642
2021-07-29 11:44:00,0.0007445469294682189
2021-07-29 11:45:00,0.0007509246076804199
2021-07-29 11:46:00,0.000735052551489028
2021-07-29 11:47:00,0.0007580274821916181
2021-07-29 11:48:00,0.0007204609668530882
2021-07-29 11:49:00,0.0007203039730849885
2021-07-29 11:50:00,0.0007721213113347418
2021-07-29 11:51:00,0.0007283337644012428
2021-07-29 11:52:00,0.0007360349867848321
2021-07-29 11:53:00,0.0007666089305117597
2021-07-29 11:54:00,0.0007467696730926177
2021-07-29 11:55:00,0.0007681595116894889
2021-07-29 11:56:00,0.0007608747913451468
2021-07-29 11:57:00,0.0007666255853831833
2021-07-29 11:58:00,0.0007497569592425504
2021-07-29 11:59:00,0.0007551936822498327
2021-07-29 12:00:00,0.0007739470618027777
2021-07-29 12:01:00,0.0007516496180142937
2021-07-29 12:02:00,0.0007424818799546035
2021-07-29 12:03:00,0.0007686546706510593
2021-07-29 12:04:00,0.0007093320501221384
2021-07-29 12:05:00,0.0007728509336128503
2021-07-29 12:06:00,0.0007524533831552163
2021-07-29 12:07:00,0.0007671248982687481
2021-07-29 12:08:00,0.0007420188828564038
2021-07-29 12:09:00,0.0007712530485704699
2021-07-29 12:10:00,0.0007382235824571275
2021-07-29 12:11:00,0.0007435667430408598
2021-07-29 12:12:00,0.0007515809466830483
2021-07-29 12:13:00,0.0007220775124965263
2021-07-29 12:14:00,0.0007259810157015209
2021-07-29 12:15:00,0.0007416779222665386
2021-07-29 12:16:00,0.000763894514172331
2021-07-29 12:17:00,0.000742160932069484
2021-07-29 12:18:00,0.0007718727210854735
2021-07-29 12:19:00,0.0007714494278778036
2021-07-29 12:20:00,0.000748498458017163
2021-07-29 12:21:00,0.0007457440617857161
2021-07-29 12:22:00,0.0007513491231442916
2021-07-29 12:23:00,0.0007572571481324821
2021-07-29 12:24:00,0.0007657072811998689
2021-07-29 12:25:00,0.0007517577943281607
2021-07-29 12:26:00,0.0007421372228436514
2021-07-29 12:27:00,0.0007497490800331291
2021-07-29 12:28:00,0.0007682248913212874
2021-07-29 12:29:00,0.0007516331722572097
2021-07-29 12:30:00,0.000739235953252711
2021-07-29 12:31:00,0.0007330085729511924
2021-07-29 12:32:00,0.0007426540009237593
2021-07-29 12:33:00,0.0007252423409285671
2021-07-29 12:34:00,0.000736874124457519
2021-07-29 12:35:00,0.0007554260848785798
2021-07-29 12:36:00,0.0007089559524185036
2021-07-29 12:37:00,0.0007468214836577027
2021-07-29 12:38:00,0.0007009199416193059
2021-07-29 12:39:00,0.000766450091379612
2021-07-29 12:40:00,0.0007328173729928706
2021-07-29 12:41:00,0.000713860420769754
2021-07-29 12:42:00,0.0007292915246973878
2021-07-29 12:43:00,0.0007645182420251321
2021-07-29 12:44:00,0.0007407423044164268
2021-07-29 12:45:00,0.0007416079250798995
2021-07-29 12:46:00,0.0007320033697014752
2021-07-29 12:47:00,0.0007399183054349597
2021-07-29 12:48:00,0.000746368175030491
2021-07-29 12:49:00,0.0007391382489273508
2021-07-29 12:50:00,0.0007388393530362302
2021-07-29 12:51:00,0.0007363615561528145
2021-07-29 12:52:00,0.0007447669504148304
2021-07-29 12:53:00,0.0007322217241053549
2021-07-29 12:54:00,0.0007524499386861553
2021-07-29 12:55:00,0.0007571974734954037
2021-07-29 12:56:00,0.0007611053879390512
2021-07-29 12:57:00,0.000726175589955322
2021-07-29 12:58:00,0.0007068024617988752
2021-07-29 12:59:00,0.0007125829590445022
2021-07-29 13:00:00,0.0007274264280664888
2021-07-29 13:01:00,0.0007483084564813825
2021-07-29 13:02:00,0.000724977673343769
2021-07-29 13:03:00,0.0007646637529845394
2021-07-29 13:04:00,0.0007470622082703735
2021-07-29 13:05:00,0.0007459075509491005
2021-07-29 13:06:00,0.0007677937209329274
2021-07-29 13:07:00,0.0007379080567908802
2021-07-29 13:08:00,0.0007416457388310148
2021-07-29 13:09:00,0.0007049181715331732
2021-07-29 13:10:00,0.0007440676639950004
2021-07-29 13:11:00,0.0007576872068922184
2021-07-29 13:12:00,0.0007349263261949818
2021-07-29 13:13:00,0.0007168659977437324
2021-07-29 13:14:00,0.0007144689670356785
2021-07-29 13:15:00,0.0007647438784838348
2021-07-29 13:16:00,0.0007183060835623725
2021-07-29 13:17:00,0.0007529405428682637
2021-07-29 13:18:00,0.0007464119423875537
2021-07-29 13:19:00,0.0007948380556913299
2021-07-29 13:20:00,0.0007551984352777519
2021-07-29 13:21:00,0.0007704482026534299
2021-07-29 13:22:00,0.0007747687444332789
2021-07-29 13:23:00,0.0007057389068677284
2021-07-29 13:24:00,0.0007199651914551869
2021-07-29 13:25:00,0.0006756327378253486
2021-07-29 13:26:00,0.0006956220112516267
2021-07-29 13:27:00,0.000678373469144093
2021-07-29 13:28:00,0.0006776498778337126
2021-07-29 13:29:00,0.0007136193492770763
2021-07-29 13:30:00,0.0007498266399594991
2021-07-29 13:31:00,0.0007275096422664898
2021-07-29 13:32:00,0.0007300043221254226
2021-07-29 13:33:00,0.0007499556936389725
2021-07-29 13:34:00,0.0006954603188279179
2021-07-29 13:35:00,0.0007239945927872141
2021-07-29 13:36:00,0.0007269634515361871
2021-07-29 13:37:00,0.0007278788346958843
2021-07-29 13:38:00,0.0007402526546507123
2021-07-29 13:39:00,0.0007499977574184923
2021-07-29 13:40:00,0.0007038629296854289
2021-07-29 13:41:00,0.0007352663751307851
2021-07-29 13:42:00,0.0007360501493273222
2021-07-29 13:43:00,0.0007426790495519632
2021-07-29 13:44:00,0.0007150817613972582
2021-07-29 13:45:00,0.0007410038607284197
2021-07-29 13:46:00,0.0007544182464851233
2021-07-29 13:47:00,0.0007259764694635756
2021-07-29 13:48:00,0.0006811817937800384
2021-07-29 13:49:00,0.0007498422220429457
2021-07-29 13:50:00,0.0007326395878503093
2021-07-29 13:51:00,0.000714054647526521
2021-07-29 13:52:00,0.0007325537238071178
2021-07-29 13:53:00,0.0007860444648998516
2021-07-29 13:54:00,0.0007297914065199191
2021-07-29 13:55:00,0.000749012792967739
2021-07-29 13:56:00,0.0007489555379239489
2021-07-29 13:57:00,0.0007479313289263535
2021-07-29 13:58:00,0.0007526938637186229
2021-07-29 13:59:00,0.0007612305847202131
2021-07-29 14:00:00,0.0007344567395394364
2021-07-29 14:01:00,0.0007430541318163739
2021-07-29 14:02:00,0.0007214590778768786
2021-07-29 14:03:00,0.0006887587802355717
2021-07-29 14:04:00,0.0006871859865560582
2021-07-29 14:05:00,0.0007260429518587114
2021-07-29 14:06:00,0.0007377225716052074
2021-07-29 14:07:00,0.0007362416922672471
2021-07-29 14:08:00,0.0007489864072413512
2021-07-29 14:09:00,0.0007536428917765095
2021-07-29 14:10:00,0.0007523418955003003
2021-07-29 14:11:00,0.0007195262399310853
2021-07-29 14:12:00,0.0007714720495830125
2021-07-29 14:13:00,0.000738701888032881
2021-07-29 14:14:00,0.0007412295927475134
2021-07-29 14:15:00,0.0007484103228801403
2021-07-29 14:16:00,0.0007602604148444816
2021-07-29 14:17:00,0.0007249427561516108
2021-07-29 14:18:00,0.0007235777811714077
2021-07-29 14:19:00,0.000732839126842502
2021-07-29 14:20:00,0.0007148737265201558
2021-07-29 14:21:00,0.0007255551375822839
2021-07-29 14:22:00,0.0007612976201594022
2021-07-29 14:23:00,0.0007475437852150399
2021-07-29 14:24:00,0.0007488560083032612
2021-07-29 14:25:00,0.000724679687637915
2021-07-29 14:26:00,0.0007261261056720263
2021-07-29 14:27:00,0.0007192268293096476
2021-07-29 14:28:00,0.0007033181088597542
2021-07-29 14:29:00,0.0007344342997872937
2021-07-29 14:30:00,0.0007095188131109444
2021-07-29 14:31:00,0.0007110415047039422
2021-07-29 14:32:00,0.0007501198021787752
2021-07-29 14:33:00,0.0007356430320533457
2021-07-29 14:34:00,0.0007248826531413174
2021-07-29 14:35:00,0.0007517907673350462
2021-07-29 14:36:00,0.0007517220680594086
2021-07-29 14:37:00,0.0007507318612868069
2021-07-29 14:38:00,0.0007595022252592263
2021-07-29 14:39:00,0.0007237518441739016
2021-07-29 14:40:00,0.0006909501973311135
2021-07-29 14:41:00,0.0007135534016634718
2021-07-29 14:42:00,0.0007144365851357942
2021-07-29 14:43:00,0.000743892996721473
2021-07-29 14:44:00,0.0007798074614423103
2021-07-29 14:45:00,0.0007467558959500443
2021-07-29 14:46:00,0.0007146155542411944
2021-07-29 14:47:00,0.0007452933031557509
2021-07-29 14:48:00,0.0007460425321137643
2021-07-29 14:49:00,0.0007245881848423455
2021-07-29 14:50:00,0.0007427242038071814
2021-07-29 14:51:00,0.0007575716561447137
2021-07-29 14:52:00,0.0007361827943813081
2021-07-29 14:53:00,0.0007649083259315151
2021-07-29 14:54:00,0.0007531804165341031
2021-07-29 14:55:00,0.000708859051974348
2021-07-29 14:56:00,0.0007140556181942921
2021-07-29 14:57:00,0.0007650297900530973
2021-07-29 14:58:00,0.0007618321748074026
2021-07-29 14:59:00,0.000707288585796965
2021-07-29 15:00:00,0.0007229576925797219
2021-07-29 15:01:00,0.0007177510911827618
2021-07-29 15:02:00,0.0007088597062875229
2021-07-29 15:03:00,0.0007174495237832627
2021-07-29 15:04:00,0.00071926495068266
2021-07-29 15:05:00,0.0007127037548371927
2021-07-29 15:06:00,0.0007236742926045455
2021-07-29 15:07:00,0.0006907508667655931
2021-07-29 15:08:00,0.000721040091227336
2021-07-29 15:09:00,0.0007162577088155767
2021-07-29 15:10:00,0.0007233310007339817
2021-07-29 15:11:00,0.000715415232420493
2021-07-29 15:12:00,0.0007418483391685608
2021-07-29 15:13:00,0.0007230507121258129
2021-07-29 15:14:00,0.0007689499038151645
2021-07-29 15:15:00,0.0007253248296599031
2021-07-29 15:16:00,0.0007279003405965497
2021-07-29 15:17:00,0.0007216190569420486
2021-07-29 15:18:00,0.0007076462312883268
2021-07-29 15:19:00,0.0007347205950712105
2021-07-29 15:20:00,0.0007015397129657074
2021-07-29 15:21:00,0.0007462624628765856
2021-07-29 15:22:00,0.0007322217383580518
2021-07-29 15:23:00,0.0007470384592986019
2021-07-29 15:24:00,0.0007398310238246129
2021-07-29 15:25:00,0.0007270763593316814
2021-07-29 15:26:00,0.0007361988284388277
2021-07-29 15:27:00,0.0007391905602444638
2021-07-29 15:28:00,0.0007466522476823651
2021-07-29 15:29:00,0.0007002064151732495
2021-07-29 15:30:00,0.0007037895068970413
2021-07-29 15:31:00,0.000699283819944196
2021-07-29 15:32:00,0.0007297709102611719
2021-07-29 15:33:00,0.0007622922765212148
2021-07-29 15:34:00,0.0007385230376445848
2021-07-29 15:35:00,0.0006935413840604354
2021-07-29 15:36:00,0.0006956303646605638
2021-07-29 15:37:00,0.0006676912627066711
2021-07-29 15:38:00,0.0007234913896535693
2021-07-29 15:39:00,0.0007162662089881227
2021-07-29 15:40:00,0.0007740647421467397
2021-07-29 15:41:00,0.0007351426025230624
2021-07-29 15:42:00,0.0007634016710418437
2021-07-29 15:43:00,0.0007309413386312415
2021-07-29 15:44:00,0.0006880659264118584
2021-07-29 15:45:00,0.0006830289852658387
2021-07-29 15:46:00,0.0007017731272845469
2021-07-29 15:47:00,0.0007409463371830064
2021-07-29 15:48:00,0.0007382435701325976
2021-07-29 15:49:00,0.0007395276659328287
2021-07-29 15:50:00,0.0007495160195015678
2021-07-29 15:51:00,0.0007297092266020555
2021-07-29 15:52:00,0.0007341499254753234
2021-07-29 15:53:00,0.0007045853745925407
2021-07-29 15:54:00,0.0007395765065788034
2021-07-29 15:55:00,0.0007707604141688457
2021-07-29 15:56:00,0.0007608165092825256
2021-07-29 15:57:00,0.0007619522349146225
2021-07-29 15:58:00,0.0007499290871165484
2021-07-29 15:59:00,0.0007604790691056437
2021-07-29 16:00:00,0.0007680433158154416
2021-07-29 16:01:00,0.0007284066428563053
2021-07-29 16:02:00,0.0007609654942710994
2021-07-29 16:03:00,0.0008233261617082797
2021-07-29 16:04:00,0.0007286163520134784
2021-07-29 16:05:00,0.0007668475227706975
2021-07-29 16:06:00,0.0008166234189127476
2021-07-29 16:07:00,0.0007478724469469644
2021-07-29 16:08:00,0.000725120072473066
2021-07-29 16:09:00,0.0007247691819821293
2021-07-29 16:10:00,0.000695232230404537
2021-07-29 16:11:00,0.0007122195152224139
2021-07-29 16:12:00,0.0006846452789317781
2021-07-29 16:13:00,0.0006669233030140473
2021-07-29 16:14:00,0.0007092866951123849
2021-07-29 16:15:00,0.00070315181185026
2021-07-29 16:16:00,0.0007027008606695845
2021-07-29 16:17:00,0.0007197031563589631
2021-07-29 16:18:00,0.000681764307400387
2021-07-29 16:19:00,0.0007466920975836958
2021-07-29 16:20:00,0.0007414090182565888
2021-07-29 16:21:00,0.0007103493903295289
2021-07-29 16:22:00,0.0006752204536402397
2021-07-29 16:23:00,0.000725641810051654
2021-07-29 16:24:00,0.0007039112610436043
2021-07-29 16:25:00,0.0006942718032741567
2021-07-29 16:26:00,0.0007061630226122601
2021-07-29 16:27:00,0.0007396740374424579
2021-07-29 16:28:00,0.0006658451224455527
2021-07-29 16:29:00,0.0006723755013405998
2021-07-29 16:30:00,0.0007087695492246664
2021-07-29 16:31:00,0.0006794622435343214
2021-07-29 16:32:00,0.0007077550458565088
2021-07-29 16:33:00,0.0006592877606768991
2021-07-29 16:34:00,0.000718517505550575
2021-07-29 16:35:00,0.0006886838866253609
2021-07-29 16:36:00,0.0007490176163535321
2021-07-29 16:37:00,0.0007556740974077952
2021-07-29 16:38:00,0.0007407277384302966
2021-07-29 16:39:00,0.0007031529789833117
2021-07-29 16:40:00,0.0006823901470323259
2021-07-29 16:41:00,0.0007268223040179888
2021-07-29 16:42:00,0.0007453512922732631
2021-07-29 16:43:00,0.0007332729659235976
2021-07-29 16:44:00,0.0007189341093929854
2021-07-29 16:45:00,0.0007221540229879762
2021-07-29 16:46:00,0.0007263627825262812
2021-07-29 16:47:00,0.0007278129833161002
2021-07-29 16:48:00,0.0007798485440662002
2021-07-29 16:49:00,0.0007422808329096495
2021-07-29 16:50:00,0.0007506272485880421
2021-07-29 16:51:00,0.000755630266712986
2021-07-29 16:52:00,0.0007810109245262402
2021-07-29 16:53:00,0.0007654507715774222
2021-07-29 16:54:00,0.0007332236341217533
2021-07-29 16:55:00,0.0007585564309921368
2021-07-29 16:56:00,0.0007355644204262517
2021-07-29 16:57:00,0.0007082723180792929
2021-07-29 16:58:00,0.0007627327078629447
2021-07-29 16:59:00,0.0007648090707110188
2021-07-29 17:00:00,0.0007396722771959886
2021-07-29 17:01:00,0.0007262525546481611
2021-07-29 17:02:00,0.0007279774737679656
2021-07-29 17:03:00,0.000779284593254912
2021-07-29 17:04:00,0.0007272440379531282
2021-07-29 17:05:00,0.0007406067993345293
2021-07-29 17:06:00,0.0007372523260425576
2021-07-29 17:07:00,0.0007618830996372887
2021-07-29 17:08:00,0.0007774315602577231
2021-07-29 17:09:00,0.0007134879694546281
2021-07-29 17:10:00,0.0007418692171533812
2021-07-29 17:11:00,0.0007489770309919608
2021-07-29 17:12:00,0.0007450857289108689
2021-07-29 17:13:00,0.0007457646716081161
2021-07-29 17:14:00,0.000772888883382981
2021-07-29 17:15:00,0.0007539459548947346
2021-07-29 17:16:00,0.0007620842768737312
2021-07-29 17:17:00,0.0007669311823054742
2021-07-29 17:18:00,0.0007558801020406831
2021-07-29 17:19:00,0.0007852173152948203
2021-07-29 17:20:00,0.0007942345931116633
2021-07-29 17:21:00,0.0007381236778839742
2021-07-29 17:22:00,0.0007408069746051659
2021-07-29 17:23:00,0.0007475560441740225
2021-07-29 17:24:00,0.0007515389432984904
2021-07-29 17:25:00,0.0007558611119998603
2021-07-29 17:26:00,0.0007324748268779355
2021-07-29 17:27:00,0.0007457119887662352
2021-07-29 17:28:00,0.0007407248929576986
2021-07-29 17:29:00,0.0007309722394592393
2021-07-29 17:30:00,0.0007642848970050667
2021-07-29 17:31:00,0.0007512365166077358
2021-07-29 17:32:00,0.000735341712192438
2021-07-29 17:33:00,0.0007461902894642964
2021-07-29 17:34:00,0.0007220067163420891
2021-07-29 17:35:00,0.0007418329366899511
2021-07-29 17:36:00,0.0007239084928623207
2021-07-29 17:37:00,0.0007137859060997851
2021-07-29 17:38:00,0.0007032089500206186
2021-07-29 17:39:00,0.0007363358475970979
2021-07-29 17:40:00,0.000715552688936374
2021-07-29 17:41:00,0.0007164952150215167
2021-07-29 17:42:00,0.0007607207234469631
2021-07-29 17:43:00,0.0007594494680389903
2021-07-29 17:44:00,0.0007779116808142413
2021-07-29 17:45:00,0.000743595277362456
2021-07-29 17:46:00,0.0007407960412292807
2021-07-29 17:47:00,0.0007587304099386355
2021-07-29 17:48:00,0.0007861567682846572
2021-07-29 17:49:00,0.0007891212240514821
2021-07-29 17:50:00,0.000779890500802356
2021-07-29 17:51:00,0.0007643573965486877
2021-07-29 17:52:00,0.0007449704543262418
2021-07-29 17:53:00,0.0008104794980840504
2021-07-29 17:54:00,0.0007444425738692673
2021-07-29 17:55:00,0.0006917058183884717
2021-07-29 17:56:00,0.0007239432121643678
2021-07-29 17:57:00,0.0007408718015400731
2021-07-29 17:58:00,0.0007596068037458605
2021-07-29 17:59:00,0.0007226667923348073
2021-07-29 18:00:00,0.0007479601794822754
2021-07-29 18:01:00,0.000746212812459363
2021-07-29 18:02:00,0.0007295295072108952
2021-07-29 18:03:00,0.0007451254271596528
2021-07-29 18:04:00,0.0007404170620820378
2021-07-29 18:05:00,0.0007378893421514527
2021-07-29 18:06:00,0.0007430018198175919
2021-07-29 18:07:00,0.0007565669045931048
2021-07-29 18:08:00,0.0007543765470956865
2021-07-29 18:09:00,0.0007276490112992498
2021-07-29 18:10:00,0.0007283235043299162
2021-07-29 18:11:00,0.0007499215037021329
2021-07-29 18:12:00,0.0007481710902268334
2021-07-29 18:13:00,0.0008901371895116522
2021-07-29 18:14:00,0.0007658627126251992
2021-07-29 18:15:00,0.0007491640702357266
2021-07-29 18:16:00,0.0007354180575736756
2021-07-29 18:17:00,0.0007413375201092884
2021-07-29 18:18:00,0.0007459660813376818
2021-07-29 18:19:00,0.0007181737568454861
2021-07-29 18:20:00,0.0007698959393542701
2021-07-29 18:21:00,0.0007524125093065925
2021-07-29 18:22:00,0.0007545817303444495
2021-07-29 18:23:00,0.0007600030868642859
2021-07-29 18:24:00,0.0007804215553494005
2021-07-29 18:25:00,0.0007220845808219903
2021-07-29 18:26:00,0.0007311669211842742
2021-07-29 18:27:00,0.0007972364942768223
2021-07-29 18:28:00,0.00075465797065569
2021-07-29 18:29:00,0.0007418911336236746
2021-07-29 18:30:00,0.0007224311741841232
2021-07-29 18:31:00,0.0007287292679380125
2021-07-29 18:32:00,0.000781806705759391
2021-07-29 18:33:00,0.0007093086351709592
2021-07-29 18:34:00,0.0007206410647149838
2021-07-29 18:35:00,0.000705438038809752
2021-07-29 18:36:00,0.0007597791749074099
2021-07-29 18:37:00,0.0007567963343016611
2021-07-29 18:38:00,0.0007691745371452499
2021-07-29 18:39:00,0.0007615226978756212
2021-07-29 18:40:00,0.0007272755661507402
2021-07-29 18:41:00,0.00073198898535287
2021-07-29 18:42:00,0.0007440702623328157
2021-07-29 18:43:00,0.0007692431418732782
2021-07-29 18:44:00,0.0007388311477791078
2021-07-29 18:45:00,0.00074121342456335
2021-07-29 18:46:00,0.0007514529110845482
2021-07-29 18:47:00,0.0007300508683890927
2021-07-29 18:48:00,0.0006854842573466146
2021-07-29 18:49:00,0.0007481139739078231
2021-07-29 18:50:00,0.0007367037457944232
2021-07-29 18:51:00,0.0007187078898480017
2021-07-29 18:52:00,0.0007394879156502327
2021-07-29 18:53:00,0.0007756525004236918
2021-07-29 18:54:00,0.0007901780862540238
2021-07-29 18:55:00,0.0007813031182423194
2021-07-29 18:56:00,0.0007493957270229123
2021-07-29 18:57:00,0.0007380324805035883
2021-07-29 18:58:00,0.0007490743279145055
2021-07-29 18:59:00,0.0007365211155258377
2021-07-29 19:00:00,0.0007146957057159955
2021-07-29 19:01:00,0.000740701883546775
2021-07-29 19:02:00,0.0007520548092951297
2021-07-29 19:03:00,0.0007516256374224741
2021-07-29 19:04:00,0.0007541194102639721
2021-07-29 19:05:00,0.0007180504306119698
2021-07-29 19:06:00,0.0007360944408157285
2021-07-29 19:07:00,0.0007243896945331152
2021-07-29 19:08:00,0.0007201046821290702
2021-07-29 19:09:00,0.0007422324924701504
2021-07-29 19:10:00,0.0007274045723673254
2021-07-29 19:11:00,0.0007448612913544011
2021-07-29 19:12:00,0.0007598652273904567
2021-07-29 19:13:00,0.0007600425341636487
2021-07-29 19:14:00,0.0007424884232256132
2021-07-29 19:15:00,0.000722502775693778
2021-07-29 19:16:00,0.0007870810108769232
2021-07-29 19:17:00,0.0007421737302718106
2021-07-29 19:18:00,0.0007482448032188779
2021-07-29 19:19:00,0.000730085164385155
2021-07-29 19:20:00,0.0007644200631692287
2021-07-29 19:21:00,0.0007889076901491044
2021-07-29 19:22:00,0.0007550039051834955
2021-07-29 19:23:00,0.0007501684721295722
2021-07-29 19:24:00,0.0007266501972752838
2021-07-29 19:25:00,0.0007082363982815307
2021-07-29 19:26:00,0.0007017133311417426
2021-07-29 19:27:00,0.0007447708222983913
2021-07-29 19:28:00,0.0007901479361528363
2021-07-29 19:29:00,0.0007435051720662068
2021-07-29 19:30:00,0.0007147354436091208
2021-07-29 19:31:00,0.0007613113712249385
2021-07-29 19:32:00,0.0007368969882604305
2021-07-29 19:33:00,0.000738815195010675
2021-07-29 19:34:00,0.0007442112023685123
2021-07-29 19:35:00,0.0007386894688817464
2021-07-29 19:36:00,0.0007402543702531305
2021-07-29 19:37:00,0.0007558095995262674
2021-07-29 19:38:00,0.0007624860003528132
2021-07-29 19:39:00,0.0007206702288380246
2021-07-29 19:40:00,0.0007158274887051983
2021-07-29 19:41:00,0.0007431213187018955
2021-07-29 19:42:00,0.0007353357763857331
2021-07-29 19:43:00,0.0007298347286173271
2021-07-29 19:44:00,0.0007257996958199848
2021-07-29 19:45:00,0.0007192479913903221
2021-07-29 19:46:00,0.0007484779888305207
2021-07-29 19:47:00,0.0007559259621084943
2021-07-29 19:48:00,0.0007558254912037378
2021-07-29 19:49:00,0.000748188959527421
2021-07-29 19:50:00,0.000713685435382572
2021-07-29 19:51:00,0.0007236580032096373
2021-07-29 19:52:00,0.0007321692031666449
2021-07-29 19:53:00,0.0007740320108298958
2021-07-29 19:54:00,0.0007882631815465455
2021-07-29 19:55:00,0.0007207572067607205
2021-07-29 19:56:00,0.0007901105034623258
2021-07-29 19:57:00,0.0007471753153727392
2021-07-29 19:58:00,0.0007522374809618208
2021-07-29 19:59:00,0.0007449280458580763
2021-07-29 20:00:00,0.0007377236714619827
2021-07-29 20:01:00,0.0007778145887261469
2021-07-29 20:02:00,0.0007059517924528711
2021-07-29 20:03:00,0.0007325276873548166
2021-07-29 20:04:00,0.0007713270616025272
2021-07-29 20:05:00,0.0007562925475203536
2021-07-29 20:06:00,0.0007554969656661885
2021-07-29 20:07:00,0.0007474861047722264
2021-07-29 20:08:00,0.0007883965952568176
2021-07-29 20:09:00,0.0007510313687439604
2021-07-29 20:10:00,0.0007538573408401757
2021-07-29 20:11:00,0.0007722522752516441
2021-07-29 20:12:00,0.0007641758111204905
2021-07-29 20:13:00,0.0007737631174652926
2021-07-29 20:14:00,0.0007625880523910926
2021-07-29 20:15:00,0.0007629948432037079
2021-07-29 20:16:00,0.0007722248267876867
2021-07-29 20:17:00,0.0007407686221167636
2021-07-29 20:18:00,0.0007103250468157151
2021-07-29 20:19:00,0.0007326795168081441
2021-07-29 20:20:00,0.0007604108237753619
2021-07-29 20:21:00,0.0007612035113898998
2021-07-29 20:22:00,0.0007488569196761631
2021-07-29 20:23:00,0.0007392710830589706
2021-07-29 20:24:00,0.0007606602530618827
2021-07-29 20:25:00,0.0007354420020094144
2021-07-29 20:26:00,0.0007409126222520924
2021-07-29 20:27:00,0.0007508108502484843
2021-07-29 20:28:00,0.0007536105190394625
2021-07-29 20:29:00,0.0007566301989141937
2021-07-29 20:30:00,0.0007653826991227745
2021-07-29 20:31:00,0.000737705844415934
2021-07-29 20:32:00,0.0007931987017517772
2021-07-29 20:33:00,0.0007682855421495933
2021-07-29 20:34:00,0.0007868177596577565
2021-07-29 20:35:00,0.0007700734702201774
2021-07-29 20:36:00,0.0007523082090764706
2021-07-29 20:37:00,0.0007735491041812248
2021-07-29 20:38:00,0.0007383032179672786
2021-07-29 20:39:00,0.0007701608418605022
2021-07-29 20:40:00,0.0007409740858435508
2021-07-29 20:41:00,0.0007326693670462948
2021-07-29 20:42:00,0.00076174966072588
2021-07-29 20:43:00,0.0007363889011522326
2021-07-29 20:44:00,0.0007298753393786647
2021-07-29 20:45:00,0.000716222119432369
2021-07-29 20:46:00,0.0007365156381309951
2021-07-29 20:47:00,0.0007427406249394734
2021-07-29 20:48:00,0.0007637519077143938
2021-07-29 20:49:00,0.0007299084021078606
2021-07-29 20:50:00,0.000686975043238338
2021-07-29 20:51:00,0.00075418740005851
2021-07-29 20:52:00,0.0007525741870123027
2021-07-29 20:53:00,0.0007318771627358001
2021-07-29 20:54:00,0.0007880861391825592
2021-07-29 20:55:00,0.0007201688434353441
2021-07-29 20:56:00,0.0006940423639094039
2021-07-29 20:57:00,0.0007101154390590635
2021-07-29 20:58:00,0.0007266952795460658
2021-07-29 20:59:00,0.0007794672449208641
2021-07-29 21:00:00,0.0007553323880323881
2021-07-29 21:01:00,0.0007582469695988925
2021-07-29 21:02:00,0.0008059556387038547
2021-07-29 21:03:00,0.0007416002935865518
2021-07-29 21:04:00,0.0007320915473588851
2021-07-29 21:05:00,0.0007271974587234407
2021-07-29 21:06:00,0.0007292827233890726
2021-07-29 21:07:00,0.0006904807276937036
2021-07-29 21:08:00,0.0007156464908209868
2021-07-29 21:09:00,0.0007342161676290327
2021-07-29 21:10:00,0.0007247191616775637
2021-07-29 21:11:00,0.0007109884825795525
2021-07-29 21:12:00,0.0007395296175581409
2021-07-29 21:13:00,0.000752884020663632
2021-07-29 21:14:00,0.0007921521513388761
2021-07-29 21:15:00,0.000769929428264899
2021-07-29 21:16:00,0.0008027060810134683
2021-07-29 21:17:00,0.0007531957858939551
2021-07-29 21:18:00,0.0007697991412947498
2021-07-29 21:19:00,0.0007415341959006558
2021-07-29 21:20:00,0.000749539166682816
2021-07-29 21:21:00,0.0007434822592450193
2021-07-29 21:22:00,0.0007200049505734901
2021-07-29 21:23:00,0.000737751682532197
2021-07-29 21:24:00,0.0007177985115772122
2021-07-29 21:25:00,0.000717566076896202
2021-07-29 21:26:00,0.0007502210382504831
2021-07-29 21:27:00,0.0007459189212715723
2021-07-29 21:28:00,0.000716084519318033
2021-07-29 21:29:00,0.0007018544216958707
2021-07-29 21:30:00,0.0007568135911546583
2021-07-29 21:31:00,0.0007463623371250822
2021-07-29 21:32:00,0.0007419832640185888
2021-07-29 21:33:00,0.0007480964079811449
2021-07-29 21:34:00,0.000722836977535854
2021-07-29 21:35:00,0.0007853539008862643
2021-07-29 21:36:00,0.0007597660417657376
2021-07-29 21:37:00,0.0007454869299167937
2021-07-29 21:38:00,0.000761606059572938
2021-07-29 21:39:00,0.000727967840499748
2021-07-29 21:40:00,0.0007352590906831558
2021-07-29 21:41:00,0.0007441357572473965
2021-07-29 21:42:00,0.0007481862132705926
2021-07-29 21:43:00,0.0007471137669052195
2021-07-29 21:44:00,0.0007145881192880929
2021-07-29 21:45:00,0.0007330627023684147
2021-07-29 21:46:00,0.0007298900641014753
2021-07-29 21:47:00,0.0007637412684392702
2021-07-29 21:48:00,0.0007598957236065185
2021-07-29 21:49:00,0.0007684367035893776
2021-07-29 21:50:00,0.0007718393708301211
2021-07-29 21:51:00,0.0006949412441547574
2021-07-29 21:52:00,0.0007305476683520031
2021-07-29 21:53:00,0.0007457044432985532
2021-07-29 21:54:00,0.0007329508319758147
2021-07-29 21:55:00,0.0007778738311297582
2021-07-29 21:56:00,0.000751091531464275
2021-07-29 21:57:00,0.0007624358201586633
2021-07-29 21:58:00,0.0007532657231042027
2021-07-29 21:59:00,0.0007546871282147465
2021-07-29 22:00:00,0.0007676790689465175
2021-07-29 22:01:00,0.0007538656884681013
2021-07-29 22:02:00,0.0007804667883154751
2021-07-29 22:03:00,0.0007362285279785929
2021-07-29 22:04:00,0.0007347716764963836
2021-07-29 22:05:00,0.0007456464510128025
2021-07-29 22:06:00,0.0007670022779048836
2021-07-29 22:07:00,0.0007569173039397853
2021-07-29 22:08:00,0.0007526903022124018
2021-07-29 22:09:00,0.0007661131332506992
2021-07-29 22:10:00,0.0007461043397291384
2021-07-29 22:11:00,0.0007286208279727323
2021-07-29 22:12:00,0.0007639432912883132
2021-07-29 22:13:00,0.0007615229276640208
2021-07-29 22:14:00,0.0007787476456341493
2021-07-29 22:15:00,0.000747635343052735
2021-07-29 22:16:00,0.0007414915256737982
2021-07-29 22:17:00,0.0007308642103963595
2021-07-29 22:18:00,0.0007514590932095977
2021-07-29 22:19:00,0.0007330611626131083
2021-07-29 22:20:00,0.0007360188719717989
2021-07-29 22:21:00,0.0007399848091547658
2021-07-29 22:22:00,0.0007979279899904593
2021-07-29 22:23:00,0.0007428978020856065
2021-07-29 22:24:00,0.0007522911551969612
2021-07-29 22:25:00,0.0007374682278032691
2021-07-29 22:26:00,0.0007420515578924612
2021-07-29 22:27:00,0.0007054628227207482
2021-07-29 22:28:00,0.0007561917116020501
2021-07-29 22:29:00,0.0007926580657332017
2021-07-29 22:30:00,0.0007699328711925352
2021-07-29 22:31:00,0.0007512738462766935
2021-07-29 22:32:00,0.0006909326287565583
2021-07-29 22:33:00,0.0007131978417880583
2021-07-29 22:34:00,0.000740841443302524
2021-07-29 22:35:00,0.0007076107560843716
2021-07-29 22:36:00,0.0007247852824653932
2021-07-29 22:37:00,0.000716496407897364
2021-07-29 22:38:00,0.0007371016102796713
2021-07-29 22:39:00,0.0007300330093249778
2021-07-29 22:40:00,0.0007308190422294441
2021-07-29 22:41:00,0.0007775273320074508
2021-07-29 22:42:00,0.0007061727872613408
2021-07-29 22:43:00,0.0007027951472393778
2021-07-29 22:44:00,0.0007127985454970738
2021-07-29 22:45:00,0.0007580213342668603
2021-07-29 22:46:00,0.000752109494229819
2021-07-29 22:47:00,0.0007206913633627775
2021-07-29 22:48:00,0.0007546385629819622
2021-07-29 22:49:00,0.0006861562672305935
2021-07-29 22:50:00,0.0007252987696774205
2021-07-29 22:51:00,0.0007230745096139146
2021-07-29 22:52:00,0.0007295082981317257
2021-07-29 22:53:00,0.0007541472585324532
2021-07-29 22:54:00,0.0007359488815874741
2021-07-29 22:55:00,0.0007556783573608036
2021-07-29 22:56:00,0.0007013700015257761
2021-07-29 22:57:00,0.0007292262234373833
2021-07-29 22:58:00,0.0007347338498581491
2021-07-29 22:59:00,0.0007527697810349687
2021-07-29 23:00:00,0.0007308966754908241
2021-07-29 23:01:00,0.0007402205088953297
2021-07-29 23:02:00,0.0006962417141680015
2021-07-29 23:03:00,0.0007492652198527533
2021-07-29 23:04:00,0.0007453378862568563
2021-07-29 23:05:00,0.000746660057749544
2021-07-29 23:06:00,0.0007303721528052289
2021-07-29 23:07:00,0.0007198018762681655
2021-07-29 23:08:00,0.0007257065287426742
2021-07-29 23:09:00,0.0007765556952427355
2021-07-29 23:10:00,0.0007700818400683474
2021-07-29 23:11:00,0.0007629154941937604
2021-07-29 23:12:00,0.0007769729404510772
2021-07-29 23:13:00,0.0007381771481324578
2021-07-29 23:14:00,0.0007403722061060641
2021-07-29 23:15:00,0.0007496476661449814
2021-07-29 23:16:00,0.0007205854073577938
2021-07-29 23:17:00,0.0007322363908076595
2021-07-29 23:18:00,0.000702089422370196
2021-07-29 23:19:00,0.0007028638379119157
2021-07-29 23:20:00,0.0007345627406336205
2021-07-29 23:21:00,0.0007245073199702554
2021-07-29 23:22:00,0.0007515730579245255
2021-07-29 23:23:00,0.0007415988220927928
2021-07-29 23:24:00,0.0007614101927727423
2021-07-29 23:25:00,0.0007128873579397723
2021-07-29 23:26:00,0.0007216894243835371
2021-07-29 23:27:00,0.0007835880106465885
2021-07-29 23:28:00,0.0007430113606756706
2021-07-29 23:29:00,0.0007565759799573056
2021-07-29 23:30:00,0.000753289377615532
2021-07-29 23:31:00,0.0007282874536281205
2021-07-29 23:32:00,0.000736165399802053
2021-07-29 23:33:00,0.0007309983045827546
2021-07-29 23:34:00,0.0007464475844415537
2021-07-29 23:35:00,0.0007484801515839462
2021-07-29 23:36:00,0.0007298246282464722
2021-07-29 23:37:00,0.0007605913567114782
2021-07-29 23:38:00,0.0007321061964724358
2021-07-29 23:39:00,0.0007375129372996888
2021-07-29 23:40:00,0.0007637660451928235
2021-07-29 23:41:00,0.0007536088471923913
2021-07-29 23:42:00,0.0007482749681612587
2021-07-29 23:43:00,0.0007581904284343774
2021-07-29 23:44:00,0.0007514049220311062
2021-07-29 23:45:00,0.0007348037181426533
2021-07-29 23:46:00,0.0007237407106341377
2021-07-29 23:47:00,0.0007335113997581895
2021-07-29 23:48:00,0.0007280493308384582
2021-07-29 23:49:00,0.0007404660007347456
2021-07-29 23:50:00,0.0007208070824075633
2021-07-29 23:51:00,0.0007385564365741352
2021-07-29 23:52:00,0.0007362142943484693
2021-07-29 23:53:00,0.0007543109045931078
2021-07-29 23:54:00,0.000762964578511818
2021-07-29 23:55:00,0.0007530360025208185
2021-07-29 23:56:00,0.0007184091253863372
2021-07-29 23:57:00,0.0007386976087522173
2021-07-29 23:58:00,0.0006808532565385634
2021-07-29 23:59:00,0.000726231454250208
2021-07-30 00:00:00,0.00075003798135823
